#timestamp,p_x,p_y,p_z,q_w,q_x,q_y,q_z
1403638129395097088,0.0004823,-0.0044901,0.0229737,-0.0487773,0.8152739,-0.0335123,0.5760436
1403638129495096832,0.0004916,-0.0056881,0.0305520,-0.0621315,0.8217801,-0.0256892,0.5658243
1403638129595097088,0.0026596,-0.0030551,0.0362057,-0.0545210,0.8396291,0.0037467,0.5404039
1403638129695097088,0.0053135,-0.0013866,0.0471964,-0.0405293,0.8468919,0.0151073,0.5300031
1403638129795097088,0.0078100,-0.0004176,0.0623340,-0.0404815,0.8478907,0.0115262,0.5284976
1403638129895097088,0.0104357,0.0022301,0.0818040,-0.0411445,0.8553761,0.0189637,0.5160225
1403638129995096832,0.0145330,0.0048949,0.1122899,-0.0420842,0.8551399,0.0224195,0.5161995
1403638130095097088,0.0189793,0.0060553,0.1504903,-0.0515125,0.8465193,0.0136776,0.5296833
1403638130195097088,0.0228761,0.0084057,0.1896703,-0.0562449,0.8440971,0.0153605,0.5330110
1403638130295097088,0.0266726,0.0104373,0.2305353,-0.0609452,0.8414124,0.0173412,0.5366657
1403638130395097088,0.0306939,0.0113303,0.2729042,-0.0713782,0.8349134,0.0065350,0.5456940
1403638130495096832,0.0336039,0.0130414,0.3124696,-0.0739994,0.8349770,0.0111545,0.5451726
1403638130595097088,0.0336272,0.0152837,0.3506446,-0.0676343,0.8355825,0.0210034,0.5447810
1403638130695097088,0.0334211,0.0154065,0.3891810,-0.0702334,0.8284485,0.0153625,0.5554317
1403638130795097088,0.0328528,0.0161252,0.4238822,-0.0845849,0.8205867,-0.0002662,0.5652280
1403638130895097088,0.0307741,0.0167625,0.4491204,-0.0867365,0.8174408,-0.0034038,0.5694346
1403638130995096832,0.0236089,0.0148397,0.4640290,-0.0786245,0.8034110,-0.0132471,0.5900622
1403638131095097088,0.0223042,0.0144281,0.4570955,-0.0727540,0.7962278,-0.0186909,0.6003156
1403638131195097088,0.0238215,0.0165281,0.4339211,-0.0628063,0.8042425,-0.0094725,0.5908973
1403638131295097088,0.0250148,0.0192998,0.4051331,-0.0505763,0.8145859,0.0039354,0.5778203
1403638131395097088,0.0243873,0.0180062,0.3734414,-0.0475208,0.8165013,0.0049518,0.5753633
1403638131495096832,0.0219041,0.0149403,0.3383571,-0.0404191,0.8160279,0.0057601,0.5765688
1403638131595097088,0.0159973,0.0121775,0.2988658,-0.0384830,0.8192837,0.0080821,0.5720384
1403638131695097088,0.0116649,0.0044320,0.2576786,-0.0355836,0.8203794,0.0122542,0.5705798
1403638131795097088,0.0078770,-0.0010498,0.2126450,-0.0277003,0.8207999,0.0161878,0.5703141
1403638131895097088,0.0026128,-0.0083905,0.1698606,-0.0189177,0.8224589,0.0202650,0.5681486
1403638131995096832,-0.0012543,-0.0138189,0.1345118,-0.0115321,0.8245179,0.0260479,0.5651183
1403638132095097088,-0.0026104,-0.0082984,0.1201084,-0.0020999,0.8299891,0.0418345,0.5562046
1403638132195097088,-0.0044032,-0.0066157,0.1387439,-0.0026447,0.8301407,0.0493369,0.5553605
1403638132295097088,-0.0035573,-0.0051988,0.1823572,-0.0150355,0.8222146,0.0417523,0.5674450
1403638132395097088,-0.0020464,-0.0016481,0.2379697,-0.0276168,0.8177006,0.0362500,0.5738371
1403638132495096832,-0.0014223,0.0012297,0.2971455,-0.0468870,0.8093990,0.0251064,0.5848458
1403638132595097088,-0.0011519,0.0042311,0.3531544,-0.0665699,0.7951713,0.0116822,0.6026064
1403638132695097088,0.0013986,0.0117743,0.3941219,-0.0732473,0.7953236,0.0076831,0.6016945
1403638132795097088,0.0038802,0.0231074,0.4196483,-0.0747365,0.8008665,0.0055760,0.5941349
1403638132895097088,0.0014140,0.0321210,0.4307747,-0.0808144,0.7931920,-0.0025959,0.6035799
1403638132995096832,0.0016874,0.0340466,0.4256858,-0.0868053,0.7865077,-0.0037090,0.6114382
1403638133095097088,0.0042325,0.0254522,0.4068469,-0.0766305,0.7912290,0.0102742,0.6066127
1403638133195097088,0.0082039,0.0046618,0.3829616,-0.0648935,0.7956373,0.0118482,0.6021709
1403638133295097088,0.0107031,-0.0273206,0.3588685,-0.0490592,0.7972134,0.0017855,0.6016982
1403638133395097088,0.0091944,-0.0670164,0.3332911,-0.0312372,0.8032306,-0.0055353,0.5948228
1403638133495096832,0.0026048,-0.1119379,0.3123266,-0.0117862,0.8062803,-0.0194201,0.5910973
1403638133595097088,-0.0086570,-0.1583123,0.2932200,-0.0042591,0.8077908,-0.0415437,0.5879881
1403638133695097088,-0.0230902,-0.1993945,0.2729466,-0.0042060,0.8114563,-0.0582295,0.5814897
1403638133795097088,-0.0373521,-0.2357177,0.2561472,0.0091049,0.8131582,-0.0714969,0.5775631
1403638133895097088,-0.0448269,-0.2625646,0.2402594,0.0243549,0.8155133,-0.0785137,0.5728704
1403638133995096832,-0.0383895,-0.2743489,0.2370426,0.0266423,0.8137777,-0.0796528,0.5750752
1403638134095097088,-0.0135097,-0.2625003,0.2357265,0.0192707,0.8174237,-0.0661285,0.5719040
1403638134195097088,0.0217523,-0.2445142,0.2300625,0.0126299,0.8197491,-0.0524206,0.5701789
1403638134295097088,0.0506985,-0.2086428,0.2418074,0.0075652,0.8106767,-0.0598931,0.5823734
1403638134395097088,0.0844607,-0.1660978,0.2470827,-0.0043490,0.8125461,-0.0623576,0.5795356
1403638134495096832,0.1147505,-0.1207577,0.2490744,-0.0133407,0.8142809,-0.0649763,0.5766687
1403638134595097088,0.1371276,-0.0754757,0.2532755,-0.0246623,0.8127515,-0.0694842,0.5779263
1403638134695097088,0.1532811,-0.0300487,0.2550354,-0.0299655,0.8163422,-0.0679960,0.5727687
1403638134795097088,0.1646577,0.0164626,0.2587365,-0.0320501,0.8233593,-0.0619109,0.5632222
1403638134895097088,0.1699432,0.0579106,0.2675928,-0.0252167,0.8249778,-0.0607919,0.5613200
1403638134995096832,0.1751265,0.0936998,0.2727648,-0.0254186,0.8210142,-0.0618841,0.5669744
1403638135095097088,0.1762309,0.1235398,0.2734114,-0.0212278,0.8247519,-0.0544888,0.5624630
1403638135195097088,0.1737536,0.1406563,0.2673203,-0.0185948,0.8287013,-0.0475503,0.5573574
1403638135295097088,0.1692324,0.1407436,0.2562791,-0.0158970,0.8302463,-0.0447281,0.5553717
1403638135395097088,0.1588303,0.1291999,0.2464146,-0.0114922,0.8276789,-0.0478959,0.5590363
1403638135495096832,0.1455167,0.1029264,0.2360442,-0.0009147,0.8296272,-0.0476379,0.5562809
1403638135595097088,0.1381442,0.0761955,0.2281103,0.0067513,0.8345383,-0.0475257,0.5488547
1403638135695097088,0.1285809,0.0373328,0.2263499,0.0115790,0.8306260,-0.0574794,0.5537351
1403638135795097088,0.1143429,0.0006588,0.2198286,0.0092972,0.8276474,-0.0710936,0.5566499
1403638135895097088,0.0952840,-0.0308369,0.2179368,0.0203038,0.8328096,-0.0670813,0.5491048
1403638135995096832,0.0733634,-0.0609355,0.2255749,0.0330131,0.8379972,-0.0632140,0.5409943
1403638136095097088,0.0534617,-0.0999787,0.2441192,0.0423009,0.8308096,-0.0696172,0.5505629
1403638136195097088,0.0321331,-0.1444023,0.2590833,0.0401392,0.8206412,-0.0839849,0.5638115
1403638136295097088,0.0093178,-0.1877210,0.2616084,0.0468686,0.8182279,-0.0895119,0.5659453
1403638136395097088,-0.0105061,-0.2234729,0.2538166,0.0566402,0.8200296,-0.0906391,0.5622526
1403638136495096832,-0.0241385,-0.2446854,0.2468881,0.0624618,0.8223918,-0.0927096,0.5578307
1403638136595097088,-0.0297851,-0.2456804,0.2507211,0.0567966,0.8228744,-0.1034513,0.5558325
1403638136695097088,-0.0280696,-0.2296090,0.2632739,0.0426198,0.8214028,-0.1048993,0.5589966
1403638136795097088,-0.0211744,-0.1971025,0.2774699,0.0249943,0.8208912,-0.1006125,0.5615959
1403638136895097088,-0.0111113,-0.1568010,0.2874280,-0.0006821,0.8135273,-0.1020376,0.5725043
1403638136995096832,-0.0006117,-0.1134460,0.2828011,-0.0199329,0.8035418,-0.1053189,0.5855178
1403638137095097088,0.0081197,-0.0720881,0.2592735,-0.0267414,0.8038818,-0.0997243,0.5857594
1403638137195097088,0.0135971,-0.0366303,0.2237167,-0.0236010,0.8117002,-0.0862025,0.5771957
1403638137295097088,0.0155039,-0.0086199,0.1836826,-0.0195985,0.8202315,-0.0720794,0.5671338
1403638137395097088,0.0148053,0.0111290,0.1434829,-0.0168361,0.8254785,-0.0647870,0.5604503
1403638137495096832,0.0140224,0.0251551,0.1062677,-0.0061237,0.8333035,-0.0561129,0.5499264
1403638137595097088,0.0142050,0.0329846,0.0748113,0.0090270,0.8417253,-0.0447882,0.5379694
1403638137695097088,0.0143698,0.0386962,0.0504522,0.0173379,0.8424687,-0.0448634,0.5365940
1403638137795097088,0.0126154,0.0417827,0.0312333,0.0199618,0.8417469,-0.0503338,0.5371501
1403638137895097088,0.0091667,0.0438540,0.0172059,0.0266201,0.8472563,-0.0467561,0.5284524
1403638137995096832,0.0077161,0.0460144,0.0075420,0.0327589,0.8556833,-0.0389281,0.5149928
1403638138095097088,0.0076145,0.0474755,0.0022339,0.0345049,0.8558659,-0.0355231,0.5148214
1403638138195097088,0.0070494,0.0464823,0.0013115,0.0316345,0.8481659,-0.0442289,0.5269323
1403638138295097088,0.0068311,0.0460600,-0.0003831,0.0295468,0.8443887,-0.0473329,0.5328173
1403638138395097088,0.0057112,0.0464067,-0.0001320,0.0299520,0.8398323,-0.0482771,0.5398646
1403638138495096832,0.0053752,0.0461752,-0.0002056,0.0308995,0.8395709,-0.0474153,0.5402941
1403638138595097088,0.0053493,0.0463288,-0.0004468,0.0306515,0.8394450,-0.0476623,0.5404821
1403638138695097088,0.0052048,0.0465799,-0.0004859,0.0299650,0.8393625,-0.0483603,0.5405866
1403638138795097088,0.0051860,0.0464869,-0.0004643,0.0299487,0.8394104,-0.0478288,0.5405605
1403638138895097088,0.0053813,0.0469151,-0.0005979,0.0286994,0.8391915,-0.0489462,0.5408681
1403638138995096832,0.0053310,0.0468148,-0.0006013,0.0289334,0.8392599,-0.0485664,0.5407836
1403638139095097088,0.0053282,0.0467009,-0.0006390,0.0291916,0.8392736,-0.0482899,0.5407733
1403638139195097088,0.0053276,0.0466340,-0.0006574,0.0294372,0.8392174,-0.0481010,0.5408640
1403638139295097088,0.0053234,0.0466326,-0.0007003,0.0295720,0.8391904,-0.0481134,0.5408974
1403638139395097088,0.0053283,0.0466759,-0.0007128,0.0293608,0.8391725,-0.0482063,0.5409284
1403638139495096832,0.0053137,0.0466999,-0.0007208,0.0290992,0.8391644,-0.0482812,0.5409485
1403638139595097088,0.0053246,0.0467207,-0.0007540,0.0290554,0.8391270,-0.0483544,0.5410023
1403638139695097088,0.0053133,0.0467287,-0.0007683,0.0290017,0.8391132,-0.0483564,0.5410264
1403638139795097088,0.0053303,0.0467249,-0.0007711,0.0288909,0.8391082,-0.0483533,0.5410404
1403638139895097088,0.0053283,0.0467189,-0.0007600,0.0289577,0.8390813,-0.0482830,0.5410848
1403638139995096832,0.0053238,0.0466992,-0.0007665,0.0288688,0.8390936,-0.0482112,0.5410769
1403638140095097088,0.0053343,0.0467036,-0.0007606,0.0288079,0.8390761,-0.0481627,0.5411116
1403638140195097088,0.0053253,0.0467019,-0.0007756,0.0287493,0.8390546,-0.0481655,0.5411477
1403638140295097088,0.0053231,0.0467027,-0.0008019,0.0287562,0.8390301,-0.0481777,0.5411844
1403638140395097088,0.0053349,0.0467066,-0.0008100,0.0287580,0.8390162,-0.0482180,0.5412022
1403638140495096832,0.0053265,0.0467136,-0.0008277,0.0287389,0.8390143,-0.0482318,0.5412049
1403638140595097088,0.0053303,0.0467038,-0.0008139,0.0286550,0.8389842,-0.0481621,0.5412622
1403638140695097088,0.0053288,0.0467011,-0.0008317,0.0287083,0.8389688,-0.0481359,0.5412856
1403638140795097088,0.0053325,0.0467073,-0.0008376,0.0286897,0.8389481,-0.0481441,0.5413179
1403638140895097088,0.0053319,0.0467145,-0.0008228,0.0286160,0.8389404,-0.0481069,0.5413372
1403638140995096832,0.0053278,0.0467190,-0.0008161,0.0285418,0.8389325,-0.0480327,0.5413599
1403638141095097088,0.0053296,0.0467233,-0.0008241,0.0285364,0.8388945,-0.0480217,0.5414199
1403638141195097088,0.0053329,0.0467192,-0.0008373,0.0284880,0.8388891,-0.0480279,0.5414303
1403638141295097088,0.0053352,0.0467176,-0.0008425,0.0285265,0.8388866,-0.0480143,0.5414334
1403638141395097088,0.0053301,0.0467196,-0.0008460,0.0285031,0.8388631,-0.0480090,0.5414715
1403638141495096832,0.0053356,0.0467133,-0.0008437,0.0284386,0.8388677,-0.0479702,0.5414712
1403638141595097088,0.0053386,0.0467161,-0.0008329,0.0284493,0.8388516,-0.0479338,0.5414988
1403638141695097088,0.0053385,0.0467073,-0.0008383,0.0284421,0.8388613,-0.0479274,0.5414848
1403638141795097088,0.0053392,0.0467145,-0.0008258,0.0284060,0.8388531,-0.0478846,0.5415031
1403638141895097088,0.0053393,0.0467137,-0.0008255,0.0283673,0.8388397,-0.0478571,0.5415283
1403638141995096832,0.0053079,0.0467269,-0.0008069,0.0283767,0.8388333,-0.0478305,0.5415402
1403638142095097088,0.0053260,0.0467575,-0.0007925,0.0283884,0.8388573,-0.0477873,0.5415061
1403638142195097088,0.0053038,0.0467231,-0.0007906,0.0285129,0.8388235,-0.0480156,0.5415318
1403638142295097088,0.0052858,0.0466110,-0.0007882,0.0288472,0.8388348,-0.0483754,0.5414645
1403638142395097088,0.0052785,0.0466776,-0.0007582,0.0289263,0.8388815,-0.0482696,0.5413975
1403638142495096832,0.0052994,0.0467377,-0.0007590,0.0286338,0.8389528,-0.0481248,0.5413153
1403638142595097088,0.0053581,0.0468291,-0.0007733,0.0281414,0.8389681,-0.0476566,0.5413589
1403638142695097088,0.0053501,0.0468292,-0.0007478,0.0284647,0.8390547,-0.0478025,0.5411949
1403638142795097088,0.0053301,0.0467184,-0.0007110,0.0289136,0.8390831,-0.0480681,0.5411035
1403638142895097088,0.0053444,0.0467134,-0.0006848,0.0288276,0.8390989,-0.0478865,0.5410997
1403638142995096832,0.0053493,0.0467865,-0.0006864,0.0287547,0.8390846,-0.0475328,0.5411570
1403638143095097088,0.0053386,0.0467652,-0.0006575,0.0287597,0.8391302,-0.0475117,0.5410878
1403638143195097088,0.0053264,0.0467537,-0.0006443,0.0286834,0.8391655,-0.0476305,0.5410266
1403638143295097088,0.0053357,0.0467461,-0.0006748,0.0287476,0.8391392,-0.0477823,0.5410507
1403638143395097088,0.0053279,0.0467589,-0.0006530,0.0288622,0.8391377,-0.0478340,0.5410424
1403638143495096832,0.0053241,0.0467575,-0.0006441,0.0288688,0.8391331,-0.0477968,0.5410524
1403638143595097088,0.0053056,0.0467061,-0.0006234,0.0289692,0.8391368,-0.0479470,0.5410279
1403638143695097088,0.0053366,0.0467311,-0.0006296,0.0287789,0.8391213,-0.0478890,0.5410673
1403638143795097088,0.0053348,0.0467315,-0.0006151,0.0287086,0.8391211,-0.0478276,0.5410767
1403638143895097088,0.0053283,0.0467465,-0.0006085,0.0286165,0.8391092,-0.0478612,0.5410971
1403638143995096832,0.0053253,0.0467391,-0.0006012,0.0286225,0.8390912,-0.0478501,0.5411258
1403638144095097088,0.0053232,0.0467345,-0.0005942,0.0285793,0.8391236,-0.0478433,0.5410785
1403638144195097088,0.0053116,0.0467271,-0.0005886,0.0285862,0.8390880,-0.0478042,0.5411367
1403638144295097088,0.0053249,0.0467287,-0.0005920,0.0285185,0.8390750,-0.0477285,0.5411671
1403638144395097088,0.0053302,0.0467267,-0.0006085,0.0285084,0.8390627,-0.0477489,0.5411849
1403638144495096832,0.0053247,0.0467096,-0.0006009,0.0285836,0.8390662,-0.0478177,0.5411694
1403638144595097088,0.0053277,0.0467232,-0.0005986,0.0284763,0.8390683,-0.0477987,0.5411736
1403638144695097088,0.0053405,0.0467307,-0.0005663,0.0283489,0.8390111,-0.0476233,0.5412843
1403638144795097088,0.0053231,0.0467395,-0.0005797,0.0283861,0.8390310,-0.0477207,0.5412430
1403638144895097088,0.0053249,0.0467369,-0.0005852,0.0284430,0.8390613,-0.0477514,0.5411903
1403638144995096832,0.0053339,0.0467226,-0.0005662,0.0284832,0.8390324,-0.0477137,0.5412363
1403638145095097088,0.0053298,0.0467202,-0.0005681,0.0284165,0.8390393,-0.0477113,0.5412293
1403638145195097088,0.0053313,0.0467342,-0.0005359,0.0283822,0.8390271,-0.0476420,0.5412562
1403638145295097088,0.0053335,0.0467261,-0.0005315,0.0282920,0.8390404,-0.0475974,0.5412441
1403638145395097088,0.0052979,0.0467085,-0.0005119,0.0283486,0.8390284,-0.0475913,0.5412604
1403638145495096832,0.0052984,0.0467249,-0.0004825,0.0282639,0.8390157,-0.0475372,0.5412892
1403638145595097088,0.0053267,0.0467045,-0.0004785,0.0282037,0.8390346,-0.0474874,0.5412674
1403638145695097088,0.0053350,0.0467046,-0.0004634,0.0282091,0.8390127,-0.0474954,0.5413003
1403638145795097088,0.0053258,0.0467076,-0.0004646,0.0282780,0.8390578,-0.0474515,0.5412307
1403638145895097088,0.0053181,0.0467144,-0.0004670,0.0282888,0.8390332,-0.0474886,0.5412651
1403638145995096832,0.0053316,0.0467226,-0.0004689,0.0282821,0.8390382,-0.0475266,0.5412543
1403638146095097088,0.0053421,0.0467228,-0.0004491,0.0282556,0.8390800,-0.0474646,0.5411964
1403638146195097088,0.0053284,0.0467227,-0.0004539,0.0283150,0.8390302,-0.0475172,0.5412658
1403638146295097088,0.0053455,0.0467282,-0.0004434,0.0284765,0.8390673,-0.0476152,0.5411912
1403638146395097088,0.0053484,0.0467196,-0.0004248,0.0284962,0.8390850,-0.0475709,0.5411666
1403638146495096832,0.0053413,0.0467160,-0.0004107,0.0284706,0.8391135,-0.0476139,0.5411201
1403638146595097088,0.0053441,0.0467297,-0.0004147,0.0285618,0.8390859,-0.0476287,0.5411567
1403638146695097088,0.0053533,0.0467147,-0.0003880,0.0286122,0.8391297,-0.0476475,0.5410845
1403638146795097088,0.0053366,0.0467308,-0.0004351,0.0286928,0.8390736,-0.0477088,0.5411618
1403638146895097088,0.0053819,0.0467216,-0.0003953,0.0288635,0.8391525,-0.0476827,0.5410326
1403638146995096832,0.0053552,0.0467295,-0.0003675,0.0287533,0.8392386,-0.0476327,0.5409094
1403638147095097088,0.0053828,0.0468549,-0.0003975,0.0283853,0.8392770,-0.0473804,0.5408914
1403638147195097088,0.0054057,0.0468727,-0.0004163,0.0284247,0.8393849,-0.0472663,0.5407318
1403638147295097088,0.0054014,0.0469085,-0.0003936,0.0282311,0.8393271,-0.0473163,0.5408273
1403638147395097088,0.0054202,0.0469070,-0.0003587,0.0282956,0.8392232,-0.0473080,0.5409858
1403638147495096832,0.0053919,0.0467924,-0.0001455,0.0280974,0.8387759,-0.0470838,0.5417091
1403638147595097088,0.0054322,0.0468131,0.0000194,0.0274644,0.8383428,-0.0471848,0.5424027
1403638147695097088,0.0058939,0.0468173,-0.0000958,0.0269938,0.8385005,-0.0463397,0.5422553
1403638147795097088,0.0079072,0.0464086,0.0009907,0.0276115,0.8363431,-0.0470560,0.5454846
1403638147895097088,0.0130999,0.0451369,0.0052620,0.0301423,0.8293095,-0.0501016,0.5557221
1403638147995096832,0.0219914,0.0439133,0.0156078,0.0305766,0.8227260,-0.0523748,0.5651936
1403638148095097088,0.0325486,0.0425296,0.0340905,0.0311063,0.8176283,-0.0517344,0.5725730
1403638148195097088,0.0436504,0.0409457,0.0617861,0.0316718,0.8147902,-0.0487706,0.5768321
1403638148295097088,0.0534170,0.0399119,0.1040245,0.0300155,0.8145343,-0.0460266,0.5775072
1403638148395097088,0.0628423,0.0392679,0.1546016,0.0282896,0.8143021,-0.0430351,0.5781521
1403638148495096832,0.0711037,0.0394021,0.1895415,0.0282790,0.8181687,-0.0399391,0.5728919
1403638148595097088,0.0805923,0.0399461,0.2004892,0.0284332,0.8222088,-0.0374809,0.5672384
1403638148695097088,0.0907058,0.0407539,0.1944020,0.0278317,0.8258331,-0.0353734,0.5621155
1403638148795097088,0.1070003,0.0418227,0.1937713,0.0265262,0.8282333,-0.0345967,0.5586850
1403638148895097088,0.1222313,0.0458663,0.1972909,0.0252448,0.8289337,-0.0332433,0.5577872
1403638148995096832,0.1412671,0.0515463,0.2130284,0.0242785,0.8269760,-0.0320037,0.5608004
1403638149095097088,0.1603950,0.0554638,0.2397954,0.0236628,0.8231868,-0.0304476,0.5664596
1403638149195097088,0.1839740,0.0614286,0.2718148,0.0230783,0.8209441,-0.0298111,0.5697627
1403638149295097088,0.2084459,0.0687240,0.3042037,0.0210954,0.8196701,-0.0311363,0.5715999
1403638149395097088,0.2318336,0.0758097,0.3317870,0.0202046,0.8183464,-0.0312331,0.5735201
1403638149495096832,0.2549463,0.0810850,0.3571240,0.0207218,0.8175222,-0.0307772,0.5747006
1403638149595097088,0.2769049,0.0880727,0.3738974,0.0214375,0.8173788,-0.0292617,0.5749574
1403638149695097088,0.2983785,0.0960320,0.3850093,0.0186751,0.8175031,-0.0246065,0.5750951
1403638149795097088,0.3183849,0.1046704,0.3966982,0.0157225,0.8175688,-0.0194869,0.5752863
1403638149895097088,0.3390131,0.1143359,0.4009011,0.0129310,0.8174660,-0.0157108,0.5756173
1403638149995096832,0.3599297,0.1231981,0.4063913,0.0127912,0.8178470,-0.0121141,0.5751659
1403638150095097088,0.3809213,0.1362907,0.3994808,0.0188242,0.8177769,-0.0055457,0.5752007
1403638150195097088,0.4021700,0.1502763,0.3905551,0.0259393,0.8178377,0.0006542,0.5748637
1403638150295097088,0.4239544,0.1699841,0.3767063,0.0294215,0.8188118,0.0031373,0.5732990
1403638150395097088,0.4459243,0.1949899,0.3588309,0.0264891,0.8230130,0.0023208,0.5673998
1403638150495096832,0.4679192,0.2272587,0.3480708,0.0153305,0.8287478,0.0021319,0.5594082
1403638150595097088,0.4936589,0.2620113,0.3414006,0.0071702,0.8323360,0.0066269,0.5541854
1403638150695097088,0.5222201,0.2987697,0.3481835,0.0010404,0.8325242,0.0106273,0.5538857
1403638150795097088,0.5557270,0.3353776,0.3601477,-0.0028174,0.8312754,0.0174048,0.5555810
1403638150895097088,0.5941245,0.3749541,0.3755519,-0.0072324,0.8285561,0.0268143,0.5592168
1403638150995096832,0.6360738,0.4160351,0.3876443,-0.0114887,0.8241889,0.0350787,0.5651107
1403638151095097088,0.6789543,0.4625386,0.3953342,-0.0171325,0.8218145,0.0472111,0.5675372
1403638151195097088,0.7209605,0.5102636,0.3961067,-0.0263171,0.8191596,0.0643419,0.5693374
1403638151295097088,0.7626776,0.5609310,0.3905863,-0.0403279,0.8185055,0.0830410,0.5670331
1403638151395097088,0.8029060,0.6134220,0.3833548,-0.0557888,0.8168182,0.1032578,0.5648305
1403638151495096832,0.8416447,0.6678237,0.3807195,-0.0718737,0.8141911,0.1226434,0.5629259
1403638151595097088,0.8800382,0.7243078,0.3835146,-0.0845809,0.8116467,0.1391989,0.5609808
1403638151695097088,0.9175099,0.7824931,0.3925455,-0.0936491,0.8088477,0.1516728,0.5603486
1403638151795097088,0.9540686,0.8419358,0.4099911,-0.0988739,0.8077699,0.1604342,0.5585631
1403638151895097088,0.9904483,0.9027634,0.4346750,-0.1022549,0.8071409,0.1654399,0.5574021
1403638151995096832,1.0275514,0.9660859,0.4629235,-0.1023883,0.8070292,0.1694197,0.5563429
1403638152095097088,1.0644022,1.0307964,0.4878077,-0.1028053,0.8072877,0.1705314,0.5555508
1403638152195097088,1.1005762,1.0962306,0.5084338,-0.1025076,0.8071911,0.1710872,0.5555752
1403638152295097088,1.1351384,1.1644442,0.5210787,-0.1004259,0.8066167,0.1727194,0.5562843
1403638152395097088,1.1712454,1.2351273,0.5279694,-0.0966113,0.8064195,0.1736735,0.5569482
1403638152495096832,1.2059479,1.3085478,0.5265336,-0.0931354,0.8068805,0.1744570,0.5566277
1403638152595097088,1.2402760,1.3849885,0.5198951,-0.0934046,0.8069956,0.1738877,0.5565939
1403638152695097088,1.2747146,1.4675988,0.5135411,-0.0983955,0.8089010,0.1720066,0.5535443
1403638152795097088,1.3091772,1.5526695,0.5133233,-0.1061873,0.8073189,0.1753486,0.5533655
1403638152895097088,1.3429173,1.6402136,0.5225874,-0.1177577,0.8031433,0.1816223,0.5550741
1403638152995096832,1.3768210,1.7289018,0.5382913,-0.1284719,0.7988723,0.1928991,0.5550568
1403638153095097088,1.4108986,1.8177086,0.5596739,-0.1369060,0.7989650,0.2050568,0.5485102
1403638153195097088,1.4454175,1.9063428,0.5814852,-0.1422106,0.7993223,0.2148248,0.5428723
1403638153295097088,1.4801211,1.9935585,0.5990499,-0.1458392,0.7982120,0.2236127,0.5399869
1403638153395097088,1.5151355,2.0810024,0.6121039,-0.1523718,0.7960551,0.2342690,0.5368400
1403638153495096832,1.5536281,2.1738210,0.6252020,-0.1545606,0.7921288,0.2506320,0.5346276
1403638153595097088,1.5937448,2.2703801,0.6441412,-0.1571689,0.7874838,0.2690273,0.5317814
1403638153695097088,1.6311407,2.3699445,0.6675338,-0.1658994,0.7813409,0.2858262,0.5294215
1403638153795097088,1.6678336,2.4735200,0.6877086,-0.1790917,0.7744804,0.2986603,0.5281177
1403638153895097088,1.7047423,2.5798549,0.7031747,-0.1896546,0.7682722,0.3078594,0.5282154
1403638153995096832,1.7422230,2.6899820,0.7126039,-0.1990754,0.7631664,0.3117546,0.5298633
1403638154095097088,1.7799698,2.8020924,0.7159802,-0.2043252,0.7594778,0.3139938,0.5318388
1403638154195097088,1.8182164,2.9164160,0.7154896,-0.2061897,0.7546532,0.3151543,0.5372729
1403638154295097088,1.8548403,3.0326672,0.7119093,-0.2058966,0.7509046,0.3156217,0.5423392
1403638154395097088,1.8884815,3.1489091,0.7056942,-0.2081935,0.7459834,0.3127431,0.5498691
1403638154495096832,1.9148782,3.2625852,0.6938810,-0.2104419,0.7426938,0.3097613,0.5551288
1403638154595097088,1.9389027,3.3759220,0.6855720,-0.2118543,0.7441218,0.3092062,0.5529846
1403638154695097088,1.9506653,3.4820351,0.6810374,-0.2147327,0.7466159,0.3137284,0.5459204
1403638154795097088,1.9613914,3.5903805,0.6861614,-0.2139188,0.7476663,0.3234307,0.5390978
1403638154895097088,1.9669183,3.6967470,0.6970077,-0.2130024,0.7462338,0.3325647,0.5358785
1403638154995096832,1.9666412,3.8044091,0.7173259,-0.2145651,0.7426133,0.3419129,0.5343995
1403638155095097088,1.9609228,3.9129859,0.7424183,-0.2207015,0.7371318,0.3518227,0.5330557
1403638155195097088,1.9502670,4.0220727,0.7664472,-0.2289716,0.7317190,0.3590354,0.5322151
1403638155295097088,1.9357150,4.1302062,0.7838105,-0.2362675,0.7253822,0.3639483,0.5343594
1403638155395097088,1.9170971,4.2382919,0.7954596,-0.2418073,0.7182482,0.3708175,0.5367896
1403638155495096832,1.8917253,4.3415671,0.7989420,-0.2469330,0.7114315,0.3804994,0.5367584
1403638155595097088,1.8598431,4.4456405,0.7962662,-0.2612046,0.7059093,0.3875339,0.5322422
1403638155695097088,1.8216214,4.5456170,0.7902660,-0.2798258,0.6972213,0.3956651,0.5282321
1403638155795097088,1.7788816,4.6421404,0.7795874,-0.2948749,0.6889823,0.4084663,0.5210639
1403638155895097088,1.7313089,4.7296533,0.7650728,-0.3082071,0.6824342,0.4246669,0.5088712
1403638155995096832,1.6797597,4.8132345,0.7525061,-0.3180382,0.6779182,0.4456987,0.4905418
1403638156095097088,1.6265616,4.8933296,0.7477159,-0.3269029,0.6721228,0.4680408,0.4715116
1403638156195097088,1.5737605,4.9716705,0.7519812,-0.3387170,0.6643119,0.4839917,0.4579438
1403638156295097088,1.5217318,5.0494067,0.7628005,-0.3466709,0.6570518,0.5000878,0.4449881
1403638156395097088,1.4723123,5.1269001,0.7718621,-0.3529312,0.6519794,0.5118196,0.4340544
1403638156495096832,1.4260606,5.2056804,0.7746174,-0.3567827,0.6488879,0.5195239,0.4263161
1403638156595097088,1.3842802,5.2876378,0.7711821,-0.3599003,0.6459114,0.5235860,0.4232350
1403638156695097088,1.3438597,5.3711585,0.7621020,-0.3608102,0.6448960,0.5256447,0.4214532
1403638156795097088,1.3067762,5.4603605,0.7486479,-0.3607190,0.6442442,0.5264018,0.4215832
1403638156895097088,1.2719843,5.5525217,0.7325480,-0.3596288,0.6448428,0.5260829,0.4219973
1403638156995096832,1.2397785,5.6465281,0.7196598,-0.3577927,0.6463650,0.5248475,0.4227667
1403638157095097088,1.2108420,5.7469810,0.7132578,-0.3553383,0.6493895,0.5239454,0.4213185
1403638157195097088,1.1836846,5.8502699,0.7132087,-0.3511380,0.6527279,0.5240221,0.4195823
1403638157295097088,1.1605941,5.9560031,0.7187641,-0.3523320,0.6527183,0.5230446,0.4198159
1403638157395097088,1.1422407,6.0656009,0.7292925,-0.3516169,0.6486306,0.5259508,0.4231071
1403638157495096832,1.1248138,6.1786729,0.7366625,-0.3533057,0.6427992,0.5286087,0.4272670
1403638157595097088,1.1054247,6.2937182,0.7410906,-0.3595540,0.6338747,0.5332999,0.4295522
1403638157695097088,1.0848844,6.4119287,0.7413057,-0.3670971,0.6201482,0.5420142,0.4322921
1403638157795097088,1.0597278,6.5320909,0.7485130,-0.3750459,0.6058462,0.5545204,0.4298815
1403638157895097088,1.0331782,6.6508212,0.7617602,-0.3874396,0.5926749,0.5665663,0.4214614
1403638157995096832,1.0044740,6.7685177,0.7818415,-0.3974147,0.5810605,0.5779709,0.4127710
1403638158095097088,0.9754867,6.8848910,0.7982665,-0.4065439,0.5758707,0.5859959,0.3996296
1403638158195097088,0.9475504,7.0002124,0.8093491,-0.4151333,0.5724106,0.5898711,0.3899519
1403638158295097088,0.9226474,7.1143814,0.8129776,-0.4186023,0.5678513,0.5936577,0.3871533
1403638158395097088,0.8993950,7.2273603,0.8120228,-0.4176033,0.5642631,0.5975967,0.3874182
1403638158495096832,0.8781696,7.3388075,0.8071206,-0.4153964,0.5597745,0.6005636,0.3916908
1403638158595097088,0.8577819,7.4491900,0.8007878,-0.4135339,0.5571408,0.6017853,0.3955230
1403638158695097088,0.8328888,7.5614150,0.7926484,-0.4145621,0.5577782,0.5998004,0.3965617
1403638158795097088,0.8065889,7.6700236,0.7859321,-0.4154986,0.5623747,0.5979543,0.3918497
1403638158895097088,0.7789028,7.7794302,0.7828357,-0.4143347,0.5688105,0.5966707,0.3857012
1403638158995096832,0.7534055,7.8854547,0.7897127,-0.4122226,0.5737497,0.5966326,0.3806748
1403638159095097088,0.7298261,7.9978857,0.8014975,-0.4052376,0.5799612,0.5998340,0.3736665
1403638159195097088,0.7068796,8.1096157,0.8156840,-0.3955674,0.5871718,0.6047257,0.3647773
1403638159295097088,0.6881446,8.2332997,0.8241592,-0.3963404,0.5874121,0.6028608,0.3666336
1403638159395097088,0.6708225,8.3610661,0.8324496,-0.4103904,0.5812835,0.5926089,0.3774968
1403638159495096832,0.6546069,8.4867997,0.8427437,-0.4286000,0.5733470,0.5791123,0.3901337
1403638159595097088,0.6438865,8.6135683,0.8587169,-0.4486188,0.5708190,0.5644104,0.3928712
1403638159695097088,0.6404720,8.7336798,0.8823562,-0.4624593,0.5708765,0.5541905,0.3912855
1403638159795097088,0.6467563,8.8443190,0.9125094,-0.4655495,0.5696379,0.5523057,0.3920902
1403638159895097088,0.6640127,8.9464840,0.9521410,-0.4584917,0.5637752,0.5581179,0.4005587
1403638159995096832,0.6859029,9.0329198,0.9991409,-0.4486699,0.5581370,0.5659229,0.4085458
1403638160095097088,0.7128489,9.1114678,1.0532198,-0.4418232,0.5567644,0.5717963,0.4097007
1403638160195097088,0.7407433,9.1795006,1.1148104,-0.4318690,0.5607130,0.5802378,0.4030065
1403638160295097088,0.7692251,9.2429498,1.1851359,-0.4203397,0.5673942,0.5896077,0.3920984
1403638160395097088,0.7980632,9.3021851,1.2593671,-0.4118580,0.5710460,0.5961839,0.3858034
1403638160495096832,0.8257125,9.3672773,1.3321767,-0.4096145,0.5729457,0.5977493,0.3829424
1403638160595097088,0.8533505,9.4370420,1.4012742,-0.4083738,0.5737578,0.5984872,0.3818977
1403638160695097088,0.8809026,9.5079439,1.4647303,-0.4085967,0.5740583,0.5980500,0.3818927
1403638160795097088,0.9091840,9.5747932,1.5210382,-0.4173272,0.5740839,0.5912358,0.3830219
1403638160895097088,0.9405765,9.6500843,1.5813827,-0.4283669,0.5756599,0.5768451,0.3903425
1403638160995096832,0.9769030,9.7149245,1.6321715,-0.4317118,0.5798125,0.5621190,0.4018267
1403638161095097088,1.0179223,9.7771228,1.6818707,-0.4274662,0.5886085,0.5488167,0.4118408
1403638161195097088,1.0634917,9.8325158,1.7268049,-0.4146982,0.6009739,0.5375867,0.4217301
1403638161295097088,1.1129529,9.8849702,1.7691003,-0.3992676,0.6168072,0.5239828,0.4307857
1403638161395097088,1.1639977,9.9341381,1.8106592,-0.3827243,0.6333180,0.5119015,0.4363339
1403638161495096832,1.2157975,9.9826254,1.8506879,-0.3664629,0.6472486,0.5053384,0.4375012
1403638161595097088,1.2674657,10.0313549,1.8871280,-0.3566161,0.6568029,0.4991185,0.4385381
1403638161695097088,1.3190437,10.0804529,1.9171761,-0.3531882,0.6639796,0.4923543,0.4381511
1403638161795097088,1.3725780,10.1296089,1.9419205,-0.3540790,0.6673582,0.4848279,0.4406848
1403638161895097088,1.4295953,10.1791487,1.9627230,-0.3533998,0.6685739,0.4764438,0.4484628
1403638161995096832,1.4897275,10.2273837,1.9788214,-0.3494861,0.6721597,0.4687415,0.4542491
1403638162095097088,1.5526469,10.2753972,1.9979847,-0.3465003,0.6756007,0.4633952,0.4569094
1403638162195097088,1.6180269,10.3217081,2.0239717,-0.3448445,0.6810156,0.4595502,0.4539974
1403638162295097088,1.6869808,10.3669711,2.0514299,-0.3434440,0.6853423,0.4569287,0.4511855
1403638162395097088,1.7604227,10.4128407,2.0774662,-0.3461782,0.6875275,0.4530647,0.4496653
1403638162495096832,1.8379888,10.4590222,2.0961402,-0.3471204,0.6864090,0.4513256,0.4523885
1403638162595097088,1.9207417,10.5014167,2.1186782,-0.3436429,0.6845278,0.4541651,0.4550443
1403638162695097088,2.0075676,10.5443012,2.1452755,-0.3394541,0.6822707,0.4582855,0.4574407
1403638162795097088,2.0968259,10.5838428,2.1807002,-0.3376729,0.6836538,0.4593017,0.4556714
1403638162895097088,2.1904213,10.6259862,2.2214899,-0.3388876,0.6870401,0.4533382,0.4556485
1403638162995096832,2.2866096,10.6639939,2.2699141,-0.3441876,0.6866006,0.4440210,0.4614758
1403638163095097088,2.3884261,10.7024368,2.3104222,-0.3482404,0.6850693,0.4346091,0.4695994
1403638163195097088,2.4940064,10.7350679,2.3329739,-0.3422475,0.6887683,0.4285011,0.4741853
1403638163295097088,2.6041268,10.7639055,2.3420278,-0.3299292,0.6941603,0.4229773,0.4799776
1403638163395097088,2.7189494,10.7894340,2.3466999,-0.3169272,0.6997125,0.4144360,0.4880598
1403638163495096832,2.8337484,10.8121965,2.3499860,-0.3065629,0.7064193,0.4039290,0.4937938
1403638163595097088,2.9441772,10.8310829,2.3587045,-0.2999182,0.7118136,0.3955302,0.4969168
1403638163695097088,3.0529667,10.8480952,2.3755191,-0.2944871,0.7143756,0.3908555,0.5001768
1403638163795097088,3.1601973,10.8626124,2.4024644,-0.2915702,0.7155709,0.3878982,0.5024740
1403638163895097088,3.2658335,10.8735356,2.4373448,-0.2930198,0.7167057,0.3843343,0.5027519
1403638163995096832,3.3707998,10.8806618,2.4778781,-0.2961326,0.7194880,0.3815952,0.4990267
1403638164095097088,3.4775337,10.8853506,2.5253042,-0.2999179,0.7210634,0.3801373,0.4955930
1403638164195097088,3.5856275,10.8869766,2.5769446,-0.3048863,0.7209864,0.3780541,0.4942653
1403638164295097088,3.6972373,10.8860946,2.6254301,-0.3088361,0.7191524,0.3771783,0.4951531
1403638164395097088,3.8098604,10.8786936,2.6672499,-0.3115341,0.7176634,0.3770168,0.4957459
1403638164495096832,3.9244427,10.8673574,2.7038172,-0.3134827,0.7174062,0.3774498,0.4945591
1403638164595097088,4.0440696,10.8514382,2.7346788,-0.3166025,0.7180443,0.3759540,0.4927818
1403638164695097088,4.1666266,10.8294884,2.7610737,-0.3139591,0.7202333,0.3728103,0.4936660
1403638164795097088,4.2914013,10.8015669,2.7829274,-0.3041868,0.7181611,0.3724346,0.5029985
1403638164895097088,4.4163449,10.7655536,2.8008668,-0.2905606,0.7128116,0.3754333,0.5162596
1403638164995096832,4.5407603,10.7301036,2.8144329,-0.2871445,0.7107340,0.3722010,0.5233274
1403638165095097088,4.6557869,10.6881679,2.8207518,-0.2935337,0.7135259,0.3588365,0.5253143
1403638165195097088,4.7633916,10.6397835,2.8201852,-0.2909868,0.7213088,0.3519512,0.5207405
1403638165295097088,4.8710034,10.5855711,2.8134149,-0.2833659,0.7329397,0.3505147,0.5095515
1403638165395097088,4.9808804,10.5299038,2.8031745,-0.2826472,0.7399181,0.3448696,0.5036831
1403638165495096832,5.0923258,10.4708607,2.7904599,-0.2814421,0.7376682,0.3411289,0.5101638
1403638165595097088,5.2052855,10.4075121,2.7748351,-0.2812015,0.7298318,0.3374989,0.5237994
1403638165695097088,5.3170304,10.3390511,2.7545721,-0.2796964,0.7205908,0.3361920,0.5380462
1403638165795097088,5.4257020,10.2630005,2.7284972,-0.2756189,0.7173695,0.3379154,0.5433492
1403638165895097088,5.5283348,10.1819746,2.7007506,-0.2701295,0.7231021,0.3421065,0.5358326
1403638165995096832,5.6259824,10.0975577,2.6797090,-0.2648528,0.7293725,0.3466237,0.5269921
1403638166095097088,5.7228431,10.0104232,2.6698965,-0.2588960,0.7348308,0.3519331,0.5187868
1403638166195097088,5.8162727,9.9247702,2.6719912,-0.2544489,0.7361864,0.3573158,0.5153744
1403638166295097088,5.9041139,9.8420725,2.6932521,-0.2529306,0.7352477,0.3610077,0.5148887
1403638166395097088,5.9854116,9.7618868,2.7361803,-0.2509696,0.7341949,0.3644668,0.5149136
1403638166495096832,6.0597119,9.6842381,2.7870731,-0.2499712,0.7339625,0.3666593,0.5141736
1403638166595097088,6.1285925,9.6121191,2.8338109,-0.2515339,0.7333060,0.3668409,0.5142185
1403638166695097088,6.1978569,9.5425888,2.8724243,-0.2545265,0.7343071,0.3655956,0.5122003
1403638166795097088,6.2654590,9.4774755,2.9022873,-0.2618049,0.7390214,0.3615731,0.5045498
1403638166895097088,6.3343389,9.4121726,2.9221586,-0.2673796,0.7497240,0.3580558,0.4880760
1403638166995096832,6.4123492,9.3449156,2.9347284,-0.2659614,0.7580013,0.3591708,0.4750736
1403638167095097088,6.4942518,9.2875513,2.9472819,-0.2603311,0.7608872,0.3630053,0.4706438
1403638167195097088,6.5847164,9.2386093,2.9667220,-0.2545601,0.7592484,0.3670833,0.4732767
1403638167295097088,6.6826746,9.1965691,2.9946120,-0.2499760,0.7564127,0.3702675,0.4777592
1403638167395097088,6.7884416,9.1608868,3.0284462,-0.2490407,0.7548855,0.3705344,0.4804485
1403638167495096832,6.8983684,9.1274094,3.0615324,-0.2520816,0.7528225,0.3677078,0.4842563
1403638167595097088,7.0122454,9.0968210,3.0878038,-0.2587187,0.7499087,0.3620293,0.4895268
1403638167695097088,7.1285903,9.0675460,3.1061992,-0.2665870,0.7505000,0.3513319,0.4921860
1403638167795097088,7.2484561,9.0383085,3.1172460,-0.2699776,0.7537163,0.3377943,0.4948927
1403638167895097088,7.3742468,9.0077854,3.1236994,-0.2680040,0.7588588,0.3234048,0.4977113
1403638167995096832,7.5050093,8.9739844,3.1276365,-0.2614985,0.7637070,0.3094787,0.5025864
1403638168095097088,7.6411256,8.9373616,3.1351728,-0.2560891,0.7674481,0.2968951,0.5072426
1403638168195097088,7.7803785,8.8944636,3.1501238,-0.2477991,0.7706998,0.2865722,0.5123415
1403638168295097088,7.9222876,8.8465892,3.1724386,-0.2339780,0.7748628,0.2776726,0.5174359
1403638168395097088,8.0680295,8.7960154,3.2016826,-0.2219645,0.7779196,0.2657177,0.5243729
1403638168495096832,8.2154910,8.7436754,3.2328054,-0.2051157,0.7821371,0.2604452,0.5275959
1403638168595097088,8.3636637,8.6921744,3.2580129,-0.1863632,0.7875955,0.2614691,0.5259240
1403638168695097088,8.5125543,8.6442748,3.2751751,-0.1716055,0.7913155,0.2632541,0.5244699
1403638168795097088,8.6615578,8.6032019,3.2848156,-0.1650980,0.7932779,0.2635343,0.5234526
1403638168895097088,8.8112796,8.5697551,3.2878552,-0.1610725,0.7946742,0.2644887,0.5221056
1403638168995096832,8.9615798,8.5450671,3.2856798,-0.1611319,0.7945218,0.2653357,0.5218895
1403638169095097088,9.1127373,8.5281793,3.2807129,-0.1675470,0.7888014,0.2640415,0.5291526
1403638169195097088,9.2638835,8.5161864,3.2695270,-0.1785521,0.7850468,0.2604363,0.5329105
1403638169295097088,9.4150260,8.5060390,3.2541937,-0.1924121,0.7831925,0.2501554,0.5357325
1403638169395097088,9.5658832,8.4961085,3.2338938,-0.2074271,0.7815258,0.2307177,0.5412585
1403638169495096832,9.7173851,8.4797899,3.2128088,-0.2113635,0.7807995,0.2120212,0.5483837
1403638169595097088,9.8682893,8.4526099,3.1979541,-0.2042732,0.7817717,0.1966871,0.5553553
1403638169695097088,10.0160959,8.4131405,3.1887226,-0.1854459,0.7858622,0.1855194,0.5600116
1403638169795097088,10.1611223,8.3645940,3.1863686,-0.1613954,0.7898770,0.1747683,0.5652450
1403638169895097088,10.3036852,8.3109634,3.1942460,-0.1327808,0.7932177,0.1647033,0.5710059
1403638169995096832,10.4434242,8.2560952,3.2108925,-0.1082578,0.7904752,0.1510870,0.5836110
1403638170095097088,10.5753010,8.2029751,3.2287501,-0.0945061,0.7883702,0.1299808,0.5938400
1403638170195097088,10.7005137,8.1521110,3.2397762,-0.0853927,0.7911548,0.1049226,0.5964674
1403638170295097088,10.8185967,8.1011881,3.2419754,-0.0778869,0.7951107,0.0788318,0.5962534
1403638170395097088,10.9284680,8.0478222,3.2377737,-0.0679648,0.8008159,0.0542180,0.5925665
1403638170495096832,11.0293168,7.9923040,3.2295164,-0.0586391,0.8052258,0.0301251,0.5892923
1403638170595097088,11.1251451,7.9327097,3.2259473,-0.0540457,0.8045097,0.0044932,0.5914584
1403638170695097088,11.2101963,7.8647275,3.2326742,-0.0443495,0.8010080,-0.0174255,0.5967542
1403638170795097088,11.2828752,7.7894644,3.2458310,-0.0320097,0.7999144,-0.0360251,0.5981760
1403638170895097088,11.3480845,7.7079279,3.2608336,-0.0174760,0.7996877,-0.0527236,0.5978414
1403638170995096832,11.4003397,7.6197140,3.2695078,-0.0027337,0.7988219,-0.0696284,0.5975181
1403638171095097088,11.4488485,7.5274643,3.2729989,0.0087730,0.7961650,-0.0857220,0.5989123
1403638171195097088,11.4883229,7.4319796,3.2732569,0.0162187,0.7935354,-0.0985367,0.6002742
1403638171295097088,11.5173267,7.3334640,3.2718069,0.0214688,0.7913185,-0.1074705,0.6015016
1403638171395097088,11.5379364,7.2311696,3.2685292,0.0244086,0.7889925,-0.1139559,0.6032488
1403638171495096832,11.5503417,7.1232714,3.2630381,0.0275966,0.7865527,-0.1211323,0.6048969
1403638171595097088,11.5556877,7.0103303,3.2552795,0.0294363,0.7834973,-0.1283345,0.6072856
1403638171695097088,11.5515747,6.8910645,3.2464057,0.0305832,0.7801630,-0.1385227,0.6092798
1403638171795097088,11.5366387,6.7659632,3.2354939,0.0341906,0.7774467,-0.1491491,0.6100509
1403638171895097088,11.5104102,6.6350241,3.2285176,0.0358884,0.7726341,-0.1592441,0.6135062
1403638171995096832,11.4713635,6.4969163,3.2274851,0.0444718,0.7690455,-0.1626401,0.6165545
1403638172095097088,11.4182030,6.3532607,3.2317590,0.0522698,0.7681146,-0.1643950,0.6166377
1403638172195097088,11.3510553,6.2076690,3.2345472,0.0559644,0.7685188,-0.1659973,0.6153793
1403638172295097088,11.2722274,6.0599776,3.2282500,0.0595267,0.7693985,-0.1656532,0.6140370
1403638172395097088,11.1821724,5.9104728,3.2121292,0.0605656,0.7691353,-0.1652573,0.6143718
1403638172495096832,11.0842728,5.7578206,3.1855732,0.0589106,0.7669601,-0.1652371,0.6172507
1403638172595097088,10.9786544,5.6030415,3.1498214,0.0565878,0.7649137,-0.1646216,0.6201649
1403638172695097088,10.8609138,5.4463859,3.1059944,0.0521510,0.7644270,-0.1644956,0.6211866
1403638172795097088,10.7303915,5.2865341,3.0582960,0.0496578,0.7648387,-0.1628660,0.6213135
1403638172895097088,10.5880639,5.1231169,3.0064502,0.0456027,0.7649356,-0.1619207,0.6217520
1403638172995096832,10.4323173,4.9575685,2.9511360,0.0379449,0.7676206,-0.1625643,0.6187824
1403638173095097088,10.2661322,4.7863612,2.8901026,0.0308063,0.7726466,-0.1626950,0.6128609
1403638173195097088,10.0908054,4.6069901,2.8232993,0.0297065,0.7777522,-0.1602977,0.6070615
1403638173295097088,9.9076704,4.4212399,2.7506336,0.0356326,0.7815599,-0.1541093,0.6034441
1403638173395097088,9.7187207,4.2307265,2.6725952,0.0474869,0.7852340,-0.1453139,0.6000304
1403638173495096832,9.5255686,4.0387845,2.5841796,0.0611539,0.7896921,-0.1361630,0.5950683
1403638173595097088,9.3323467,3.8448701,2.4906855,0.0706348,0.7911495,-0.1303795,0.5933755
1403638173695097088,9.1372071,3.6524561,2.3944634,0.0724272,0.7913783,-0.1299165,0.5929557
1403638173795097088,8.9411975,3.4645302,2.2942865,0.0717517,0.7920353,-0.1312502,0.5918658
1403638173895097088,8.7440388,3.2788489,2.1972316,0.0728511,0.7934732,-0.1314107,0.5897663
1403638173995096832,8.5437244,3.0970182,2.1072856,0.0723084,0.7926811,-0.1323421,0.5906891
1403638174095097088,8.3367921,2.9206318,2.0232661,0.0716760,0.7932797,-0.1330167,0.5898105
1403638174195097088,8.1280529,2.7468309,1.9422560,0.0730960,0.7965329,-0.1323648,0.5853818
1403638174295097088,7.9199546,2.5759166,1.8570994,0.0721820,0.8023570,-0.1322481,0.5775149
1403638174395097088,7.7154188,2.4054711,1.7683237,0.0715940,0.8060317,-0.1319722,0.5725125
1403638174495096832,7.5161233,2.2389059,1.6776812,0.0708175,0.8092660,-0.1311521,0.5682188
1403638174595097088,7.3238520,2.0744836,1.5921061,0.0728803,0.8130593,-0.1287946,0.5630587
1403638174695097088,7.1352967,1.9086676,1.5134106,0.0749175,0.8176383,-0.1267578,0.5565855
1403638174795097088,6.9517301,1.7452908,1.4420593,0.0754761,0.8218575,-0.1259115,0.5504543
1403638174895097088,6.7751924,1.5811056,1.3785989,0.0773157,0.8239775,-0.1240048,0.5474543
1403638174995096832,6.6061009,1.4168632,1.3212405,0.0773249,0.8254095,-0.1243355,0.5452163
1403638175095097088,6.4466520,1.2530265,1.2696744,0.0780101,0.8243490,-0.1243464,0.5467185
1403638175195097088,6.2936912,1.0898638,1.2250975,0.0807033,0.8243030,-0.1236887,0.5465462
1403638175295097088,6.1463360,0.9290933,1.1849780,0.0826373,0.8264060,-0.1236272,0.5430843
1403638175395097088,6.0017230,0.7688448,1.1504118,0.0846606,0.8316580,-0.1232514,0.5347772
1403638175495096832,5.8660942,0.6109595,1.1212636,0.0880860,0.8376775,-0.1213102,0.5251867
1403638175595097088,5.7456266,0.4564350,1.1013224,0.0884788,0.8450759,-0.1206360,0.5132885
1403638175695097088,5.6387958,0.3047170,1.0876933,0.0863444,0.8520918,-0.1211320,0.5018079
1403638175795097088,5.5479239,0.1567339,1.0782442,0.0848112,0.8560714,-0.1211220,0.4952558
1403638175895097088,5.4756670,0.0129667,1.0603300,0.0867727,0.8579087,-0.1184991,0.4923627
1403638175995096832,5.4240651,-0.1244237,1.0359004,0.0940408,0.8565709,-0.1115517,0.4949736
1403638176095097088,5.3923321,-0.2569731,1.0104341,0.1017157,0.8478815,-0.1044514,0.5097458
1403638176195097088,5.3766169,-0.3815485,0.9903001,0.1036839,0.8323363,-0.1020817,0.5348320
1403638176295097088,5.3709275,-0.4986585,0.9746297,0.1012865,0.8197980,-0.1038381,0.5539765
1403638176395097088,5.3679296,-0.6091463,0.9631373,0.1013092,0.8143123,-0.1044437,0.5618927
1403638176495096832,5.3719220,-0.7100472,0.9575219,0.1031290,0.8140418,-0.1039307,0.5620488
1403638176595097088,5.3808024,-0.8031637,0.9572056,0.1036675,0.8155511,-0.1043357,0.5596817
1403638176695097088,5.3889111,-0.8902381,0.9608341,0.1048355,0.8163459,-0.1042677,0.5583163
1403638176795097088,5.4061541,-0.9691347,0.9722134,0.1033803,0.8168871,-0.1052457,0.5576122
1403638176895097088,5.4188357,-1.0425617,0.9872504,0.0986061,0.8171506,-0.1087818,0.5574121
1403638176995096832,5.4375879,-1.1091563,1.0008371,0.0994083,0.8176844,-0.1082905,0.5565818
1403638177095097088,5.4563049,-1.1705675,1.0084127,0.1020952,0.8188682,-0.1066174,0.5546748
1403638177195097088,5.4778547,-1.2262778,1.0072867,0.1053775,0.8193141,-0.1047050,0.5537661
1403638177295097088,5.5046057,-1.2747961,0.9986369,0.1067980,0.8194122,-0.1038884,0.5535025
1403638177395097088,5.5320943,-1.3176822,0.9862503,0.1072634,0.8192761,-0.1037870,0.5536330
1403638177495096832,5.5641174,-1.3525760,0.9681898,0.1033866,0.8193593,-0.1076391,0.5535119
1403638177595097088,5.5981818,-1.3837922,0.9464842,0.0902603,0.8180313,-0.1178688,0.5556841
1403638177695097088,5.6343098,-1.4127304,0.9203216,0.0810345,0.8167154,-0.1260989,0.5572328
1403638177795097088,5.6711881,-1.4409848,0.8928899,0.0737204,0.8124741,-0.1353713,0.5622507
1403638177895097088,5.7091889,-1.4703912,0.8624247,0.0702793,0.8047389,-0.1412326,0.5722844
1403638177995096832,5.7410642,-1.5021150,0.8390879,0.0711413,0.7989739,-0.1437425,0.5795842
1403638178095097088,5.7686892,-1.5372183,0.8243841,0.0797360,0.7955106,-0.1448314,0.5829485
1403638178195097088,5.7922839,-1.5759212,0.8189059,0.0887490,0.7923910,-0.1525918,0.5839142
1403638178295097088,5.8088588,-1.6178796,0.8196327,0.0982462,0.7876726,-0.1664921,0.5849785
1403638178395097088,5.8180205,-1.6604491,0.8279204,0.1098252,0.7826648,-0.1840750,0.5843720
1403638178495096832,5.8192100,-1.7018090,0.8318993,0.1209104,0.7798853,-0.2066397,0.5783248
1403638178595097088,5.8133316,-1.7435895,0.8292027,0.1311920,0.7788655,-0.2312295,0.5680582
1403638178695097088,5.8032326,-1.7866392,0.8229565,0.1414771,0.7751629,-0.2544218,0.5606926
1403638178795097088,5.7886116,-1.8320659,0.8144041,0.1540359,0.7695768,-0.2747107,0.5554804
1403638178895097088,5.7709479,-1.8797307,0.8023564,0.1653830,0.7676689,-0.2912261,0.5463701
1403638178995096832,5.7507787,-1.9296660,0.7863088,0.1727169,0.7686259,-0.3033462,0.5360636
1403638179095097088,5.7302471,-1.9836789,0.7668293,0.1799770,0.7711379,-0.3100694,0.5261288
1403638179195097088,5.7102908,-2.0425045,0.7435603,0.1885958,0.7725007,-0.3156088,0.5177504
1403638179295097088,5.6920947,-2.1055003,0.7170893,0.1978604,0.7733917,-0.3218586,0.5090419
1403638179395097088,5.6776744,-2.1740701,0.6898959,0.2085614,0.7691065,-0.3313031,0.5051886
1403638179495096832,5.6662031,-2.2464627,0.6625171,0.2189378,0.7555089,-0.3454323,0.5118096
1403638179595097088,5.6559745,-2.3219265,0.6324527,0.2315196,0.7420242,-0.3615716,0.5148444
1403638179695097088,5.6444642,-2.3985918,0.6034277,0.2442798,0.7301187,-0.3787948,0.5135840
1403638179795097088,5.6305077,-2.4750211,0.5814294,0.2576053,0.7195834,-0.3965350,0.5085266
1403638179895097088,5.6137807,-2.5517457,0.5666256,0.2703113,0.7097424,-0.4138180,0.5019484
1403638179995096832,5.5981723,-2.6290827,0.5557828,0.2770937,0.7054809,-0.4297791,0.4907196
1403638180095097088,5.5816560,-2.7077547,0.5479161,0.2797126,0.7020141,-0.4427782,0.4825812
1403638180195097088,5.5651028,-2.7884657,0.5436479,0.2839380,0.6984953,-0.4495873,0.4789100
1403638180295097088,5.5475983,-2.8712974,0.5359125,0.2857924,0.6970185,-0.4539273,0.4758549
1403638180395097088,5.5297690,-2.9570802,0.5225212,0.2868640,0.6967510,-0.4557648,0.4738413
1403638180495096832,5.5116258,-3.0453637,0.5054201,0.2900035,0.6979974,-0.4541200,0.4716701
1403638180595097088,5.4959659,-3.1380393,0.4841576,0.2926180,0.6996930,-0.4514108,0.4701412
1403638180695097088,5.4775395,-3.2303159,0.4685744,0.2924753,0.7034869,-0.4494623,0.4664205
1403638180795097088,5.4641174,-3.3295614,0.4570496,0.2886394,0.7079789,-0.4490555,0.4623876
1403638180895097088,5.4508603,-3.4297492,0.4555617,0.2850940,0.7097417,-0.4478584,0.4630453
1403638180995096832,5.4440545,-3.5385913,0.4528148,0.2822892,0.7093477,-0.4466449,0.4665265
1403638181095097088,5.4376113,-3.6513263,0.4440447,0.2796224,0.7086490,-0.4451940,0.4705636
1403638181195097088,5.4306412,-3.7633014,0.4325254,0.2772145,0.7061131,-0.4446639,0.4762672
1403638181295097088,5.4266457,-3.8836982,0.4163008,0.2771915,0.6980965,-0.4464017,0.4863658
1403638181395097088,5.4161603,-4.0035034,0.3970507,0.2805687,0.6871380,-0.4538726,0.4930743
1403638181495096832,5.4012010,-4.1272674,0.3720798,0.2858316,0.6725964,-0.4673030,0.4975362
1403638181595097088,5.3792995,-4.2518005,0.3458286,0.3000753,0.6520032,-0.4794269,0.5049717
1403638181695097088,5.3488533,-4.3748015,0.3226128,0.3172016,0.6408947,-0.4914329,0.4971225
1403638181795097088,5.3100529,-4.4945545,0.3084518,0.3329399,0.6337592,-0.5046468,0.4825266
1403638181895097088,5.2657053,-4.6100313,0.3034504,0.3480896,0.6292778,-0.5174548,0.4637711
1403638181995096832,5.2180690,-4.7161018,0.3061928,0.3555162,0.6241175,-0.5311445,0.4494119
1403638182095097088,5.1696216,-4.8227756,0.3151694,0.3568519,0.6209893,-0.5433863,0.4379046
1403638182195097088,5.1211605,-4.9311796,0.3295651,0.3574948,0.6184131,-0.5522468,0.4298676
1403638182295097088,5.0726647,-5.0352522,0.3412665,0.3522682,0.6151115,-0.5615352,0.4268760
1403638182395097088,5.0227967,-5.1437972,0.3495276,0.3472703,0.6133518,-0.5673549,0.4258067
1403638182495096832,4.9701869,-5.2546585,0.3628996,0.3502766,0.6179397,-0.5657867,0.4187390
1403638182595097088,4.9157494,-5.3716769,0.3833275,0.3563473,0.6247440,-0.5605550,0.4104749
1403638182695097088,4.8619906,-5.4913680,0.4108738,0.3573746,0.6286108,-0.5575083,0.4078191
1403638182795097088,4.8105654,-5.6162230,0.4402785,0.3563621,0.6292377,-0.5558353,0.4100159
1403638182895097088,4.7618168,-5.7466539,0.4656798,0.3567274,0.6283717,-0.5533295,0.4143924
1403638182995096832,4.7134326,-5.8818330,0.4853359,0.3594534,0.6254140,-0.5494798,0.4215715
1403638183095097088,4.6654065,-6.0196192,0.4998930,0.3642340,0.6232435,-0.5441127,0.4276009
1403638183195097088,4.6185607,-6.1579412,0.5095718,0.3693361,0.6236527,-0.5391985,0.4288510
1403638183295097088,4.5737880,-6.2954779,0.5138887,0.3690926,0.6284100,-0.5383492,0.4231450
1403638183395097088,4.5313678,-6.4311754,0.5138505,0.3630374,0.6328785,-0.5420259,0.4169851
1403638183495096832,4.4923406,-6.5681985,0.5102792,0.3601840,0.6376966,-0.5438009,0.4097453
1403638183595097088,4.4578124,-6.7071367,0.5030230,0.3589959,0.6401226,-0.5444154,0.4061735
1403638183695097088,4.4272636,-6.8504144,0.4979365,0.3647381,0.6374648,-0.5404606,0.4104963
1403638183795097088,4.4003559,-6.9966466,0.4999329,0.3725456,0.6322287,-0.5352555,0.4183278
1403638183895097088,4.3772710,-7.1411364,0.5087680,0.3799372,0.6275463,-0.5303015,0.4249867
1403638183995096832,4.3579201,-7.2802228,0.5229936,0.3808230,0.6266376,-0.5302090,0.4256496
1403638184095097088,4.3436935,-7.4159972,0.5428439,0.3766624,0.6284732,-0.5336825,0.4222911
1403638184195097088,4.3340719,-7.5496192,0.5624347,0.3703871,0.6321335,-0.5389881,0.4155868
1403638184295097088,4.3269391,-7.6838149,0.5765072,0.3673887,0.6335998,-0.5419115,0.4121999
1403638184395097088,4.3238769,-7.8206250,0.5884051,0.3703126,0.6313752,-0.5405097,0.4148292
1403638184495096832,4.3230904,-7.9572603,0.5941028,0.3747815,0.6293434,-0.5377555,0.4174742
1403638184595097088,4.3256664,-8.0973401,0.6004143,0.3765476,0.6274008,-0.5371339,0.4196037
1403638184695097088,4.3321183,-8.2353174,0.6070187,0.3773156,0.6266135,-0.5369062,0.4203811
1403638184795097088,4.3419217,-8.3718201,0.6151063,0.3766070,0.6252283,-0.5376786,0.4220883
1403638184895097088,4.3532829,-8.5083496,0.6237671,0.3777888,0.6257365,-0.5375119,0.4204882
1403638184995096832,4.3686571,-8.6414139,0.6326826,0.3789184,0.6242487,-0.5370899,0.4222189
1403638185095097088,4.3851312,-8.7746057,0.6462934,0.3786475,0.6249002,-0.5373821,0.4211250
1403638185195097088,4.4063293,-8.9064127,0.6596489,0.3794304,0.6260714,-0.5366950,0.4195540
1403638185295097088,4.4283094,-9.0345360,0.6720024,0.3824677,0.6283664,-0.5339572,0.4168500
1403638185395097088,4.4561274,-9.1635012,0.6871516,0.3863272,0.6297214,-0.5297235,0.4166478
1403638185495096832,4.4902739,-9.2906044,0.6995600,0.3891400,0.6330788,-0.5200655,0.4210857
1403638185595097088,4.5309738,-9.4121951,0.7172675,0.3872421,0.6391881,-0.5085947,0.4275670
1403638185695097088,4.5765552,-9.5321655,0.7320530,0.3829644,0.6440661,-0.4990027,0.4353314
1403638185795097088,4.6270033,-9.6477912,0.7463975,0.3705339,0.6455627,-0.4974313,0.4455508
1403638185895097088,4.6793559,-9.7583307,0.7575820,0.3481326,0.6444521,-0.5057198,0.4557770
1403638185995096832,4.7302212,-9.8632067,0.7642520,0.3332490,0.6444400,-0.5109083,0.4611018
1403638186095097088,4.7764404,-9.9699045,0.7664633,0.3329850,0.6495079,-0.5083659,0.4569732
1403638186195097088,4.8204462,-10.0763938,0.7656639,0.3379073,0.6537548,-0.5038795,0.4522486
1403638186295097088,4.8642083,-10.1835912,0.7672676,0.3406230,0.6558940,-0.5015526,0.4496932
1403638186395097088,4.9075939,-10.2907993,0.7768845,0.3426011,0.6572693,-0.5005623,0.4472795
1403638186495096832,4.9505575,-10.3982828,0.7901828,0.3446011,0.6564799,-0.4997327,0.4478297
1403638186595097088,4.9947446,-10.5045184,0.8053018,0.3474744,0.6575962,-0.4988069,0.4449949
1403638186695097088,5.0422648,-10.6085136,0.8121553,0.3518353,0.6592534,-0.4967798,0.4413692
1403638186795097088,5.0934022,-10.7162903,0.8160820,0.3569088,0.6632010,-0.4900336,0.4389164
1403638186895097088,5.1485368,-10.8204503,0.8138414,0.3572690,0.6703968,-0.4807961,0.4379065
1403638186995096832,5.2122475,-10.9273033,0.8108700,0.3497873,0.6787633,-0.4701915,0.4425486
1403638187095097088,5.2831652,-11.0318921,0.8155720,0.3350614,0.6848243,-0.4567580,0.4583903
1403638187195097088,5.3596922,-11.1314757,0.8276463,0.3196624,0.6909133,-0.4384421,0.4777272
1403638187295097088,5.4379739,-11.2265686,0.8471089,0.3059534,0.6971727,-0.4166261,0.4967548
1403638187395097088,5.5146048,-11.3175143,0.8734250,0.2952191,0.7028090,-0.3965012,0.5115584
1403638187495096832,5.5878555,-11.4042680,0.9036590,0.2869579,0.7081477,-0.3814372,0.5202766
1403638187595097088,5.6551251,-11.4818053,0.9339273,0.2781441,0.7159578,-0.3738506,0.5198807
1403638187695097088,5.7184452,-11.5518143,0.9622129,0.2716150,0.7232252,-0.3706718,0.5155318
1403638187795097088,5.7805252,-11.6194495,0.9844322,0.2713124,0.7277237,-0.3669914,0.5119815
1403638187895097088,5.8417773,-11.6810492,1.0031498,0.2766941,0.7297907,-0.3621808,0.5095792
1403638187995096832,5.9050189,-11.7390850,1.0190279,0.2843475,0.7281770,-0.3577775,0.5107837
1403638188095097088,5.9680228,-11.7872235,1.0329272,0.2931619,0.7260919,-0.3534639,0.5117713
1403638188195097088,6.0355096,-11.8322170,1.0391407,0.3007236,0.7229427,-0.3503158,0.5140020
1403638188295097088,6.1035962,-11.8643648,1.0433565,0.3009985,0.7123506,-0.3518217,0.5274258
1403638188395097088,6.1730919,-11.8864923,1.0454560,0.3003128,0.6991534,-0.3534201,0.5441424
1403638188495096832,6.2395468,-11.8996274,1.0443101,0.2991710,0.6892193,-0.3552479,0.5561226
1403638188595097088,6.3004288,-11.9030652,1.0421474,0.2978522,0.6838728,-0.3556123,0.5631535
1403638188695097088,6.3548495,-11.8941645,1.0451675,0.2933671,0.6879091,-0.3533988,0.5619840
1403638188795097088,6.3944124,-11.8622572,1.0506911,0.2851482,0.6975159,-0.3509249,0.5558901
1403638188895097088,6.4392818,-11.8336805,1.0725631,0.2781406,0.7052823,-0.3486425,0.5510564
1403638188995096832,6.4760602,-11.7945392,1.1019725,0.2726675,0.7114055,-0.3465448,0.5472306
1403638189095097088,6.5085211,-11.7459281,1.1385128,0.2649150,0.7157089,-0.3418360,0.5483877
1403638189195097088,6.5321735,-11.6866432,1.1715997,0.2542891,0.7209189,-0.3332581,0.5518623
1403638189295097088,6.5493576,-11.6199221,1.1971737,0.2406315,0.7291833,-0.3217584,0.5539492
1403638189395097088,6.5603248,-11.5484236,1.2157942,0.2263445,0.7430284,-0.3108985,0.5477400
1403638189495096832,6.5674384,-11.4742336,1.2324196,0.2134325,0.7575323,-0.3028260,0.5374828
1403638189595097088,6.5731057,-11.3999078,1.2552964,0.2038962,0.7661403,-0.2972270,0.5320822
1403638189695097088,6.5796757,-11.3269298,1.2828695,0.1951299,0.7725717,-0.2949426,0.5273197
1403638189795097088,6.5839421,-11.2563650,1.3044740,0.1871563,0.7779305,-0.2958295,0.5218061
1403638189895097088,6.5902152,-11.1909652,1.3193409,0.1842220,0.7832768,-0.2956900,0.5148855
1403638189995096832,6.6035855,-11.1347733,1.3356558,0.1843686,0.7846442,-0.2955118,0.5128494
1403638190095097088,6.6192203,-11.0793221,1.3357190,0.1885652,0.7793347,-0.2933187,0.5206196
1403638190195097088,6.6400786,-11.0329870,1.3408983,0.1956945,0.7717984,-0.2899049,0.5310236
1403638190295097088,6.6638424,-10.9867017,1.3369312,0.2097643,0.7653192,-0.2791123,0.5407234
1403638190395097088,6.6889974,-10.9385163,1.3280139,0.2220565,0.7630790,-0.2626299,0.5471992
1403638190495096832,6.7131475,-10.8843278,1.3147933,0.2267084,0.7650237,-0.2498398,0.5485637
1403638190595097088,6.7393815,-10.8232769,1.2965903,0.2209255,0.7681779,-0.2452160,0.5486016
1403638190695097088,6.7669613,-10.7555005,1.2787123,0.2142285,0.7699344,-0.2435655,0.5495298
1403638190795097088,6.7951952,-10.6803665,1.2634021,0.2059986,0.7701528,-0.2441541,0.5521032
1403638190895097088,6.8236873,-10.5992765,1.2551780,0.1949354,0.7705831,-0.2485025,0.5535778
1403638190995096832,6.8495111,-10.5133275,1.2565485,0.1897621,0.7706088,-0.2498696,0.5547230
1403638191095097088,6.8734513,-10.4243489,1.2656171,0.1889062,0.7676705,-0.2493288,0.5593135
1403638191195097088,6.8944782,-10.3349340,1.2805584,0.1866266,0.7715467,-0.2507998,0.5540629
1403638191295097088,6.9129833,-10.2453889,1.3023747,0.1821576,0.7787213,-0.2546950,0.5436380
1403638191395097088,6.9310056,-10.1574204,1.3282428,0.1824407,0.7834619,-0.2553188,0.5363909
1403638191495096832,6.9492356,-10.0711628,1.3492586,0.1814509,0.7848564,-0.2571462,0.5338089
1403638191595097088,6.9688333,-9.9851414,1.3632147,0.1837664,0.7849209,-0.2566753,0.5331481
1403638191695097088,6.9940329,-9.9044379,1.3742830,0.1873620,0.7858566,-0.2550945,0.5312736
1403638191795097088,7.0203482,-9.8209269,1.3775455,0.1933239,0.7870534,-0.2515888,0.5290330
1403638191895097088,7.0566225,-9.7401816,1.3780748,0.1956586,0.7875624,-0.2507603,0.5278091
1403638191995096832,7.0924687,-9.6556560,1.3752897,0.1949582,0.7875017,-0.2514025,0.5278534
1403638192095097088,7.1366877,-9.5744190,1.3811301,0.1964716,0.7875151,-0.2506140,0.5276472
1403638192195097088,7.1823976,-9.4892458,1.3945670,0.1942334,0.7858409,-0.2518247,0.5303884
1403638192295097088,7.2354313,-9.4037299,1.4197764,0.1926043,0.7811276,-0.2526456,0.5375067
1403638192395097088,7.2888567,-9.3135485,1.4507737,0.1919899,0.7768064,-0.2524980,0.5440187
1403638192495096832,7.3467301,-9.2205368,1.4894381,0.1913673,0.7745380,-0.2526719,0.5473814
1403638192595097088,7.4033626,-9.1204782,1.5336964,0.1931514,0.7709712,-0.2516673,0.5522314
1403638192695097088,7.4593315,-9.0214754,1.5778753,0.1946340,0.7637323,-0.2511814,0.5619061
1403638192795097088,7.5093004,-8.9185011,1.6176979,0.1955464,0.7565600,-0.2509267,0.5713268
1403638192895097088,7.5515329,-8.8119301,1.6508476,0.1926904,0.7481591,-0.2525648,0.5825285
1403638192995096832,7.5827703,-8.7038876,1.6798084,0.1850121,0.7357412,-0.2561900,0.5990176
1403638193095097088,7.6007834,-8.5922217,1.7083855,0.1760589,0.7333891,-0.2556442,0.6048055
1403638193195097088,7.6050387,-8.4787194,1.7410686,0.1711763,0.7433424,-0.2489147,0.5968101
1403638193295097088,7.5913200,-8.3648334,1.7799610,0.1689498,0.7522132,-0.2409115,0.5895701
1403638193395097088,7.5679551,-8.2496316,1.8298960,0.1719143,0.7581917,-0.2315139,0.5848009
1403638193495096832,7.5365771,-8.1357758,1.8822151,0.1737541,0.7594231,-0.2249711,0.5852129
1403638193595097088,7.4963755,-8.0205153,1.9274739,0.1724570,0.7612761,-0.2220749,0.5842945
1403638193695097088,7.4544638,-7.9005283,1.9645422,0.1690369,0.7689112,-0.2226417,0.5750068
1403638193795097088,7.4077041,-7.7795569,1.9961822,0.1635930,0.7763249,-0.2253285,0.5654945
1403638193895097088,7.3567634,-7.6590909,2.0202509,0.1620247,0.7804472,-0.2266692,0.5597063
1403638193995096832,7.3061222,-7.5379589,2.0397758,0.1603402,0.7826305,-0.2284134,0.5564242
1403638194095097088,7.2579897,-7.4158312,2.0543957,0.1630594,0.7805334,-0.2276647,0.5588811
1403638194195097088,7.2050999,-7.2999208,2.0661357,0.1657848,0.7751197,-0.2265643,0.5660155
1403638194295097088,7.1496813,-7.1797180,2.0674858,0.1669781,0.7718610,-0.2262349,0.5702339
1403638194395097088,7.0884183,-7.0602516,2.0673479,0.1641894,0.7754497,-0.2285689,0.5652220
1403638194495096832,7.0256772,-6.9432087,2.0734789,0.1608602,0.7792476,-0.2316195,0.5596871
1403638194595097088,6.9591925,-6.8246713,2.0843731,0.1602766,0.7827852,-0.2328514,0.5543816
1403638194695097088,6.8942873,-6.7072238,2.0996500,0.1587003,0.7881615,-0.2349067,0.5462916
1403638194795097088,6.8309180,-6.5946525,2.1136173,0.1586568,0.7920414,-0.2361560,0.5401192
1403638194895097088,6.7720780,-6.4850321,2.1230635,0.1590254,0.7949845,-0.2372190,0.5351987
1403638194995096832,6.7170144,-6.3804960,2.1275815,0.1589658,0.7965295,-0.2376725,0.5327124
1403638195095097088,6.6681603,-6.2781499,2.1270854,0.1592463,0.7977175,-0.2375766,0.5308905
1403638195195097088,6.6220037,-6.1852417,2.1191098,0.1565735,0.8010405,-0.2394889,0.5257983
1403638195295097088,6.5829421,-6.0918098,2.1066246,0.1515218,0.8089729,-0.2429189,0.5134145
1403638195395097088,6.5557442,-6.0135803,2.0907734,0.1501478,0.8114910,-0.2436732,0.5094716
1403638195495096832,6.5394174,-5.9436493,2.0762869,0.1535456,0.8029543,-0.2414760,0.5228552
1403638195595097088,6.5297194,-5.8770868,2.0582040,0.1574225,0.7936448,-0.2387170,0.5369919
1403638195695097088,6.5219995,-5.8119581,2.0374057,0.1584899,0.7911079,-0.2376026,0.5409013
1403638195795097088,6.5157258,-5.7477960,2.0213304,0.1566407,0.7929618,-0.2386002,0.5382799
1403638195895097088,6.5093759,-5.6834408,2.0109272,0.1552306,0.7979162,-0.2390497,0.5311201
1403638195995096832,6.5110635,-5.6255108,2.0099681,0.1530855,0.8024060,-0.2403028,0.5243701
1403638196095097088,6.5171196,-5.5689204,2.0173868,0.1533295,0.8026006,-0.2400681,0.5241083
1403638196195097088,6.5287602,-5.5158409,2.0334383,0.1558560,0.7980102,-0.2380312,0.5312531
1403638196295097088,6.5396054,-5.4651234,2.0505496,0.1581919,0.7929473,-0.2362564,0.5388810
1403638196395097088,6.5531721,-5.4162566,2.0671502,0.1583742,0.7912329,-0.2360903,0.5414143
1403638196495096832,6.5684665,-5.3703508,2.0760731,0.1578491,0.7916261,-0.2368208,0.5406733
1403638196595097088,6.5879707,-5.3312606,2.0772349,0.1551307,0.7946368,-0.2394113,0.5358815
1403638196695097088,6.6089039,-5.2952777,2.0714210,0.1515024,0.8005985,-0.2426965,0.5264860
1403638196795097088,6.6316363,-5.2621483,2.0616104,0.1513917,0.8027840,-0.2432841,0.5229065
1403638196895097088,6.6600518,-5.2341861,2.0495562,0.1526840,0.8002753,-0.2428186,0.5265796
1403638196995096832,6.6959519,-5.2125851,2.0416729,0.1550477,0.7951899,-0.2408928,0.5344192
1403638197095097088,6.7339903,-5.1950700,2.0404600,0.1568980,0.7916807,-0.2399145,0.5395051
1403638197195097088,6.7703919,-5.1802731,2.0440458,0.1600464,0.7904012,-0.2378276,0.5413771
1403638197295097088,6.8113364,-5.1670717,2.0553961,0.1676000,0.7881851,-0.2323165,0.5447050
1403638197395097088,6.8506180,-5.1535466,2.0720029,0.1764316,0.7857199,-0.2262015,0.5480411
1403638197495096832,6.8915681,-5.1365949,2.0957447,0.1799990,0.7836081,-0.2235893,0.5509687
1403638197595097088,6.9321536,-5.1167337,2.1230188,0.1788510,0.7822120,-0.2239218,0.5531869
1403638197695097088,6.9726208,-5.0924904,2.1582319,0.1789776,0.7820612,-0.2235495,0.5535097
1403638197795097088,7.0140691,-5.0663382,2.1878470,0.1781832,0.7820303,-0.2234896,0.5538337
1403638197895097088,7.0542828,-5.0355899,2.2159520,0.1740827,0.7784340,-0.2256886,0.5592855
1403638197995096832,7.0942153,-5.0023099,2.2348215,0.1732368,0.7692516,-0.2254071,0.5722172
1403638198095097088,7.1343972,-4.9679256,2.2334915,0.1721405,0.7667335,-0.2257242,0.5757916
1403638198195097088,7.1675289,-4.9293883,2.2129194,0.1688060,0.7695157,-0.2280106,0.5721549
1403638198295097088,7.1964887,-4.8847729,2.1818244,0.1686136,0.7728726,-0.2283599,0.5675290
1403638198395097088,7.2244205,-4.8369263,2.1459987,0.1699222,0.7767559,-0.2273922,0.5622005
1403638198495096832,7.2535566,-4.7861996,2.1069277,0.1754095,0.7801855,-0.2235288,0.5572944
1403638198595097088,7.2799504,-4.7331557,2.0645193,0.1884780,0.7827331,-0.2140017,0.5531801
1403638198695097088,7.3135590,-4.6726181,2.0236596,0.2058140,0.7824504,-0.2013958,0.5521338
1403638198795097088,7.3423829,-4.6032137,1.9872674,0.2185773,0.7807129,-0.1916002,0.5531734
1403638198895097088,7.3754060,-4.5181311,1.9584530,0.2214934,0.7803342,-0.1890247,0.5534338
1403638198995096832,7.4046002,-4.4222108,1.9355719,0.2189455,0.7814574,-0.1909275,0.5522081
1403638199095097088,7.4450496,-4.3105458,1.9237497,0.2157568,0.7821670,-0.1937891,0.5514614
1403638199195097088,7.4886610,-4.1867164,1.9223170,0.2135135,0.7810729,-0.1962993,0.5529952
1403638199295097088,7.5327278,-4.0507670,1.9310154,0.2122666,0.7774735,-0.1975687,0.5580720
1403638199395097088,7.5758902,-3.9041556,1.9457053,0.2148224,0.7762739,-0.1966302,0.5590946
1403638199495096832,7.6170079,-3.7473806,1.9669235,0.2188278,0.7784686,-0.1951137,0.5550060
1403638199595097088,7.6620492,-3.5786614,1.9945067,0.2192512,0.7825573,-0.1916589,0.5502726
1403638199695097088,7.7105529,-3.3988070,2.0295517,0.2100837,0.7849274,-0.1877832,0.5518073
1403638199795097088,7.7601028,-3.2094342,2.0662939,0.1911000,0.7875095,-0.1910062,0.5539190
1403638199895097088,7.8076442,-3.0145467,2.0989507,0.1756867,0.7897154,-0.1935526,0.5549965
1403638199995096832,7.8546953,-2.8163110,2.1259488,0.1663521,0.7910090,-0.1926017,0.5563599
1403638200095097088,7.9012408,-2.6158204,2.1488118,0.1610479,0.7933325,-0.1840880,0.5574932
1403638200195097088,7.9479480,-2.4135677,2.1729075,0.1603078,0.7936166,-0.1670519,0.5626436
1403638200295097088,7.9939087,-2.2071153,2.2019363,0.1534909,0.7910969,-0.1502586,0.5727378
1403638200395097088,8.0377434,-1.9954917,2.2380354,0.1451998,0.7896938,-0.1336741,0.5808889
1403638200495096832,8.0768826,-1.7791576,2.2798693,0.1438692,0.7925505,-0.1161154,0.5811047
1403638200595097088,8.1142797,-1.5563180,2.3285168,0.1408676,0.7959742,-0.1007004,0.5800352
1403638200695097088,8.1506428,-1.3260348,2.3819827,0.1398274,0.7986924,-0.0819607,0.5795008
1403638200795097088,8.1828802,-1.0871235,2.4358091,0.1344404,0.8029997,-0.0701932,0.5763594
1403638200895097088,8.2178577,-0.8385020,2.4847821,0.1265483,0.8067818,-0.0657990,0.5733752
1403638200995096832,8.2491093,-0.5824886,2.5263358,0.1101940,0.8071834,-0.0709540,0.5755673
1403638201095097088,8.2764351,-0.3221363,2.5606903,0.0980450,0.8063755,-0.0762031,0.5782204
1403638201195097088,8.3017364,-0.0592673,2.5872297,0.0923088,0.8058286,-0.0798648,0.5794316
1403638201295097088,8.3207906,0.2051372,2.6060086,0.0901098,0.8050836,-0.0828118,0.5803988
1403638201395097088,8.3387886,0.4702504,2.6186448,0.0926747,0.8052458,-0.0827602,0.5797770
1403638201495096832,8.3556481,0.7360947,2.6222952,0.0933306,0.8037422,-0.0847656,0.5814660
1403638201595097088,8.3722236,1.0019483,2.6189061,0.0969178,0.8021176,-0.0847888,0.5831168
1403638201695097088,8.3851727,1.2672703,2.6067410,0.0966396,0.8005350,-0.0865860,0.5850704
1403638201795097088,8.3967759,1.5343647,2.5861771,0.0985081,0.8004174,-0.0870404,0.5848522
1403638201895097088,8.4063109,1.8022997,2.5596138,0.0967127,0.8004970,-0.0883587,0.5848453
1403638201995096832,8.4117918,2.0745805,2.5348294,0.0927889,0.8016338,-0.0839211,0.5845774
1403638202095097088,8.4134317,2.3492542,2.5155760,0.0823358,0.8034469,-0.0814247,0.5840068
1403638202195097088,8.4140648,2.6224248,2.5026119,0.0705278,0.8075047,-0.0813931,0.5799459
1403638202295097088,8.4115652,2.8924905,2.4968984,0.0626037,0.8127682,-0.0804683,0.5735970
1403638202395097088,8.4123883,3.1571702,2.4975737,0.0587385,0.8146433,-0.0789982,0.5715464
1403638202495096832,8.4177409,3.4187087,2.4960064,0.0562259,0.8156970,-0.0778942,0.5704468
1403638202595097088,8.4246121,3.6739408,2.4857665,0.0518327,0.8166540,-0.0797670,0.5692336
1403638202695097088,8.4315351,3.9204565,2.4692401,0.0508338,0.8181486,-0.0802871,0.5671004
1403638202795097088,8.4412094,4.1614948,2.4473167,0.0521898,0.8179160,-0.0798797,0.5673701
1403638202895097088,8.4524808,4.3965098,2.4217166,0.0539868,0.8168712,-0.0792141,0.5687988
1403638202995096832,8.4641088,4.6259891,2.3962775,0.0529286,0.8162928,-0.0806645,0.5695243
1403638203095097088,8.4752660,4.8498279,2.3739453,0.0525237,0.8158014,-0.0811949,0.5701901
1403638203195097088,8.4867392,5.0697942,2.3607345,0.0562434,0.8133564,-0.0791352,0.5736077
1403638203295097088,8.4976357,5.2844827,2.3543320,0.0571072,0.8106766,-0.0784363,0.5773993
1403638203395097088,8.5061459,5.4946285,2.3490615,0.0555433,0.8095773,-0.0791814,0.5789904
1403638203495096832,8.5127188,5.7011515,2.3375277,0.0538961,0.8096814,-0.0804459,0.5788261
1403638203595097088,8.5147779,5.9010818,2.3201525,0.0508714,0.8099899,-0.0824044,0.5783925
1403638203695097088,8.5120492,6.0944816,2.3050936,0.0502293,0.8111734,-0.0823700,0.5767927
1403638203795097088,8.5050482,6.2853083,2.2981122,0.0517420,0.8109614,-0.0810917,0.5771381
1403638203895097088,8.4962192,6.4719625,2.2973390,0.0520918,0.8104710,-0.0800313,0.5779430
1403638203995096832,8.4840348,6.6556115,2.3032395,0.0504786,0.8109870,-0.0798724,0.5773841
1403638204095097088,8.4698369,6.8359321,2.3166520,0.0486513,0.8131584,-0.0798460,0.5744833
1403638204195097088,8.4541092,7.0109197,2.3382550,0.0431419,0.8156588,-0.0825907,0.5709801
1403638204295097088,8.4387425,7.1807127,2.3651868,0.0340575,0.8189790,-0.0889130,0.5658691
1403638204395097088,8.4235698,7.3444869,2.3940953,0.0233299,0.8230276,-0.0976117,0.5590646
1403638204495096832,8.4098892,7.4971396,2.4217074,0.0192746,0.8241355,-0.1022356,0.5567559
1403638204595097088,8.3981968,7.6396218,2.4447364,0.0177955,0.8222160,-0.1027713,0.5595375
1403638204695097088,8.3886177,7.7737873,2.4595313,0.0177469,0.8223858,-0.0953324,0.5606054
1403638204795097088,8.3813776,7.8961989,2.4667546,0.0202166,0.8235808,-0.0782429,0.5614125
1403638204895097088,8.3758070,8.0115871,2.4667278,0.0239625,0.8228206,-0.0511904,0.5654835
1403638204995096832,8.3706510,8.1246593,2.4593829,0.0169715,0.8228957,-0.0214416,0.5675340
1403638205095097088,8.3672613,8.2376686,2.4476474,0.0028315,0.8223445,0.0133528,0.5688261
1403638205195097088,8.3624769,8.3523228,2.4371955,-0.0223113,0.8200073,0.0500764,0.5697215
1403638205295097088,8.3579958,8.4670883,2.4338061,-0.0498202,0.8152285,0.0905779,0.5698386
1403638205395097088,8.3540172,8.5841369,2.4387102,-0.0777084,0.8067083,0.1312080,0.5709357
1403638205495096832,8.3477306,8.6989022,2.4513000,-0.0961235,0.7959847,0.1698647,0.5729874
1403638205595097088,8.3361480,8.8133960,2.4714113,-0.1035119,0.7854418,0.2019085,0.5758466
1403638205695097088,8.3189635,8.9288740,2.4973530,-0.1059034,0.7738192,0.2249519,0.5825675
1403638205795097088,8.2931994,9.0494988,2.5287637,-0.1124157,0.7660024,0.2419433,0.5848644
1403638205895097088,8.2554287,9.1757114,2.5644792,-0.1236441,0.7619003,0.2585618,0.5808321
1403638205995096832,8.2101317,9.3090693,2.6058389,-0.1418766,0.7581237,0.2742101,0.5743938
1403638206095097088,8.1539867,9.4458505,2.6538968,-0.1589545,0.7526813,0.2915823,0.5684928
1403638206195097088,8.0867917,9.5819995,2.7044089,-0.1754250,0.7451082,0.3085175,0.5646741
1403638206295097088,8.0121501,9.7179604,2.7535016,-0.1926603,0.7375666,0.3227856,0.5609697
1403638206395097088,7.9299057,9.8504814,2.7952455,-0.2130487,0.7336189,0.3288798,0.5552041
1403638206495096832,7.8438321,9.9789728,2.8335539,-0.2273004,0.7299552,0.3316381,0.5527351
1403638206595097088,7.7543080,10.0984193,2.8627713,-0.2355575,0.7271279,0.3334575,0.5519093
1403638206695097088,7.6613717,10.2172114,2.8849421,-0.2431678,0.7242715,0.3358626,0.5509051
1403638206795097088,7.5637230,10.3266766,2.9001510,-0.2495878,0.7218533,0.3428806,0.5468699
1403638206895097088,7.4622024,10.4328051,2.9083016,-0.2541327,0.7184767,0.3484982,0.5456709
1403638206995096832,7.3579254,10.5299411,2.9093835,-0.2605556,0.7147643,0.3500378,0.5465312
1403638207095097088,7.2504251,10.6220581,2.9044961,-0.2636146,0.7112764,0.3514555,0.5487005
1403638207195097088,7.1373923,10.7142042,2.8939708,-0.2674936,0.7099200,0.3517666,0.5483804
1403638207295097088,7.0210081,10.7973829,2.8738919,-0.2717702,0.7058168,0.3571821,0.5480734
1403638207395097088,6.8978268,10.8763879,2.8493275,-0.2807693,0.6988250,0.3651534,0.5472433
1403638207495096832,6.7706115,10.9449791,2.8263912,-0.2916644,0.6898115,0.3787505,0.5437279
1403638207595097088,6.6375657,11.0035385,2.8096265,-0.2998234,0.6850989,0.3947204,0.5337989
1403638207695097088,6.5034376,11.0474917,2.7970125,-0.3067092,0.6868172,0.4072199,0.5180575
1403638207795097088,6.3687903,11.0849970,2.7936935,-0.3123610,0.6881752,0.4150937,0.5065004
1403638207895097088,6.2373040,11.1170960,2.7954563,-0.3136715,0.6921712,0.4213167,0.4949763
1403638207995096832,6.1070918,11.1463362,2.8040794,-0.3129423,0.6938647,0.4250459,0.4898520
1403638208095097088,5.9804334,11.1695936,2.8140641,-0.3137601,0.6927031,0.4253035,0.4907484
1403638208195097088,5.8571066,11.1897846,2.8195593,-0.3183894,0.6897978,0.4213573,0.4952425
1403638208295097088,5.7357835,11.2055031,2.8168903,-0.3176500,0.6886906,0.4197239,0.4986338
1403638208395097088,5.6170839,11.2160586,2.8067853,-0.3139868,0.6918812,0.4207016,0.4957044
1403638208495096832,5.4988369,11.2230355,2.7926418,-0.3125848,0.6931696,0.4236965,0.4922275
1403638208595097088,5.3812872,11.2279925,2.7849859,-0.3152656,0.6908979,0.4313479,0.4870387
1403638208695097088,5.2673374,11.2303666,2.7829031,-0.3221618,0.6855180,0.4391512,0.4831388
1403638208795097088,5.1552939,11.2303457,2.7874623,-0.3290679,0.6811124,0.4452307,0.4791344
1403638208895097088,5.0479156,11.2279253,2.7946414,-0.3328470,0.6759340,0.4510446,0.4784191
1403638208995096832,4.9442896,11.2225297,2.7963838,-0.3355086,0.6721063,0.4553069,0.4779150
1403638209095097088,4.8434611,11.2142617,2.7910743,-0.3382739,0.6704594,0.4576702,0.4760177
1403638209195097088,4.7453060,11.2033477,2.7791005,-0.3386986,0.6696533,0.4595907,0.4749991
1403638209295097088,4.6496484,11.1895601,2.7604094,-0.3406265,0.6697588,0.4594623,0.4735939
1403638209395097088,4.5564356,11.1735771,2.7353333,-0.3418335,0.6702780,0.4591344,0.4723059
1403638209495096832,4.4647027,11.1537303,2.7046865,-0.3436634,0.6696256,0.4579572,0.4730457
1403638209595097088,4.3779635,11.1335404,2.6621342,-0.3451955,0.6681916,0.4564274,0.4754304
1403638209695097088,4.2948113,11.1086263,2.5996687,-0.3448354,0.6698370,0.4555480,0.4742183
1403638209795097088,4.2132608,11.0804346,2.5196071,-0.3418486,0.6686652,0.4570536,0.4765800
1403638209895097088,4.1347797,11.0513908,2.4245972,-0.3400979,0.6665986,0.4576480,0.4801438
1403638209995096832,4.0565355,11.0183274,2.3233682,-0.3415751,0.6626940,0.4561312,0.4859088
1403638210095097088,3.9822112,10.9838900,2.2219622,-0.3450029,0.6584328,0.4533386,0.4918570
1403638210195097088,3.9073477,10.9396614,2.1269291,-0.3488691,0.6548455,0.4505311,0.4964771
1403638210295097088,3.8300255,10.8916004,2.0375998,-0.3495608,0.6552970,0.4498297,0.4960305
1403638210395097088,3.7540603,10.8247135,1.9511492,-0.3490622,0.6558209,0.4502071,0.4953465
1403638210495096832,3.6744054,10.7592668,1.8626467,-0.3499173,0.6561618,0.4492388,0.4951707
1403638210595097088,3.5925682,10.6841196,1.7670800,-0.3497448,0.6557527,0.4486659,0.4963526
1403638210695097088,3.5124748,10.6060426,1.6677414,-0.3521600,0.6561616,0.4462330,0.4962977
1403638210795097088,3.4322400,10.5149433,1.5723832,-0.3521856,0.6562527,0.4457159,0.4966236
1403638210895097088,3.3509153,10.4174513,1.4840957,-0.3518740,0.6594297,0.4460931,0.4922785
1403638210995096832,3.2714965,10.3137104,1.4039206,-0.3494854,0.6630158,0.4481366,0.4872819
1403638211095097088,3.1906387,10.2057673,1.3316154,-0.3478576,0.6660835,0.4495518,0.4829401
1403638211195097088,3.1134487,10.0975505,1.2683492,-0.3473783,0.6691520,0.4500908,0.4785209
1403638211295097088,3.0412133,9.9910545,1.2126898,-0.3455705,0.6704453,0.4504598,0.4776715
1403638211395097088,2.9742805,9.8806299,1.1618637,-0.3421421,0.6734554,0.4463585,0.4797506
1403638211495096832,2.9126827,9.7630933,1.1065789,-0.3364282,0.6798008,0.4378904,0.4826374
1403638211595097088,2.8505572,9.6427829,1.0442884,-0.3302355,0.6882821,0.4244757,0.4868601
1403638211695097088,2.7908242,9.5183226,0.9760154,-0.3229619,0.6979534,0.4060819,0.4936133
1403638211795097088,2.7351684,9.3905772,0.9041967,-0.3122974,0.7111387,0.3847155,0.4987445
1403638211895097088,2.6845033,9.2590920,0.8354349,-0.3020284,0.7246613,0.3609952,0.5033164
1403638211995096832,2.6401707,9.1230105,0.7742216,-0.2882929,0.7361114,0.3391079,0.5099344
1403638212095097088,2.5998613,8.9832278,0.7210372,-0.2732080,0.7454667,0.3188066,0.5176863
1403638212195097088,2.5667559,8.8408564,0.6766052,-0.2556897,0.7527393,0.3006695,0.5268815
1403638212295097088,2.5339530,8.6937693,0.6430405,-0.2397544,0.7603953,0.2809554,0.5342105
1403638212395097088,2.5051104,8.5437660,0.6157320,-0.2225298,0.7670187,0.2625837,0.5414911
1403638212495096832,2.4799746,8.3902533,0.5965051,-0.2081964,0.7733332,0.2421859,0.5476824
1403638212595097088,2.4536137,8.2315041,0.5820876,-0.1939207,0.7804112,0.2214903,0.5516296
1403638212695097088,2.4278960,8.0682787,0.5728891,-0.1800298,0.7871198,0.1997822,0.5550844
1403638212795097088,2.4039669,7.9029819,0.5726931,-0.1629953,0.7926580,0.1788588,0.5595850
1403638212895097088,2.3776125,7.7349383,0.5767338,-0.1477391,0.7987448,0.1546764,0.5623656
1403638212995096832,2.3516911,7.5641201,0.5851798,-0.1296092,0.8043233,0.1304385,0.5650233
1403638213095097088,2.3285638,7.3909097,0.5989489,-0.1127393,0.8088476,0.1039231,0.5676754
1403638213195097088,2.3065359,7.2163032,0.6106111,-0.0983838,0.8154782,0.0751496,0.5653924
1403638213295097088,2.2859897,7.0392511,0.6153450,-0.0870058,0.8241017,0.0442747,0.5579661
1403638213395097088,2.2706252,6.8582468,0.6129372,-0.0771169,0.8315981,0.0123576,0.5498589
1403638213495096832,2.2633130,6.6734767,0.6078120,-0.0681621,0.8351186,-0.0191942,0.5454929
1403638213595097088,2.2643525,6.4812078,0.6003281,-0.0506616,0.8324113,-0.0397573,0.5504037
1403638213695097088,2.2711082,6.2816752,0.5960420,-0.0270217,0.8235355,-0.0461469,0.5647385
1403638213795097088,2.2803303,6.0797245,0.5963678,-0.0072217,0.8166060,-0.0468257,0.5752476
1403638213895097088,2.2894540,5.8789009,0.6044167,0.0036575,0.8136349,-0.0472442,0.5794418
1403638213995096832,2.2969419,5.6797249,0.6168640,0.0083535,0.8142875,-0.0470360,0.5784926
1403638214095097088,2.3025854,5.4821507,0.6334033,0.0109306,0.8202232,-0.0450527,0.5701620
1403638214195097088,2.3121977,5.2849059,0.6548925,0.0098537,0.8272529,-0.0426344,0.5601230
1403638214295097088,2.3234327,5.0883008,0.6749118,0.0077285,0.8326283,-0.0396817,0.5523548
1403638214395097088,2.3397683,4.8928203,0.6869226,0.0061107,0.8361735,-0.0357834,0.5472623
1403638214495096832,2.3612591,4.6996617,0.6951478,0.0048402,0.8342393,-0.0311705,0.5504995
1403638214595097088,2.3866337,4.5082965,0.6979677,0.0041367,0.8280940,-0.0269911,0.5599238
1403638214695097088,2.4140178,4.3186838,0.6959007,0.0027339,0.8215526,-0.0233357,0.5696484
1403638214795097088,2.4419012,4.1319413,0.6888228,0.0010094,0.8163744,-0.0200811,0.5771729
1403638214895097088,2.4670695,3.9483823,0.6754426,0.0000420,0.8133271,-0.0172744,0.5815502
1403638214995096832,2.4907021,3.7673556,0.6565703,-0.0007888,0.8115258,-0.0156101,0.5841075
1403638215095097088,2.5128921,3.5908650,0.6327236,-0.0004722,0.8114041,-0.0138592,0.5843210
1403638215195097088,2.5327893,3.4182344,0.6043389,-0.0001824,0.8126702,-0.0130188,0.5825784
1403638215295097088,2.5522411,3.2468994,0.5737856,0.0033609,0.8147368,-0.0107233,0.5797220
1403638215395097088,2.5710290,3.0799151,0.5431866,0.0077000,0.8154760,-0.0083666,0.5786792
1403638215495096832,2.5905626,2.9173004,0.5197107,0.0116237,0.8152256,-0.0055497,0.5790003
1403638215595097088,2.6085615,2.7598197,0.5049586,0.0131787,0.8140763,-0.0047315,0.5805892
1403638215695097088,2.6244624,2.6074652,0.4977150,0.0100900,0.8133987,-0.0068482,0.5815787
1403638215795097088,2.6375270,2.4595893,0.4921353,0.0073617,0.8129121,-0.0107878,0.5822400
1403638215895097088,2.6460271,2.3182021,0.4789611,0.0084413,0.8129287,-0.0166345,0.5820644
1403638215995096832,2.6511646,2.1782935,0.4623034,0.0099641,0.8126898,-0.0215108,0.5822142
1403638216095097088,2.6533914,2.0432927,0.4420363,0.0136081,0.8124966,-0.0238430,0.5823191
1403638216195097088,2.6538492,1.9117119,0.4259041,0.0161359,0.8125256,-0.0254401,0.5821465
1403638216295097088,2.6524694,1.7832152,0.4164243,0.0186552,0.8114089,-0.0264960,0.5835800
1403638216395097088,2.6496175,1.6593301,0.4132834,0.0206079,0.8099899,-0.0269941,0.5854596
1403638216495096832,2.6443966,1.5385109,0.4149985,0.0212130,0.8095139,-0.0275645,0.5860695
1403638216595097088,2.6375291,1.4230857,0.4128956,0.0233075,0.8102933,-0.0269607,0.5849398
1403638216695097088,2.6273939,1.3132034,0.4027207,0.0261975,0.8121355,-0.0254448,0.5823249
1403638216795097088,2.6182634,1.2052393,0.3863265,0.0295442,0.8113296,-0.0239022,0.5833524
1403638216895097088,2.6081240,1.1027463,0.3657054,0.0336986,0.8075244,-0.0282968,0.5881905
1403638216995096832,2.5923612,1.0072044,0.3423405,0.0372558,0.8063593,-0.0388532,0.5889713
1403638217095097088,2.5740045,0.9139247,0.3153716,0.0412926,0.8079502,-0.0538003,0.5853348
1403638217195097088,2.5508714,0.8252034,0.2864109,0.0473634,0.8095527,-0.0684781,0.5811127
1403638217295097088,2.5271425,0.7413835,0.2593656,0.0540589,0.8107656,-0.0778055,0.5776531
1403638217395097088,2.5023362,0.6621914,0.2406831,0.0595781,0.8118012,-0.0841617,0.5747574
1403638217495096832,2.4756776,0.5865903,0.2311806,0.0646069,0.8122541,-0.0871821,0.5731217
1403638217595097088,2.4489422,0.5158276,0.2303751,0.0714340,0.8132915,-0.0864992,0.5709396
1403638217695097088,2.4219752,0.4484171,0.2372387,0.0798342,0.8137622,-0.0824000,0.5697612
1403638217795097088,2.3952850,0.3875104,0.2509590,0.0859881,0.8153234,-0.0778952,0.5672620
1403638217895097088,2.3698796,0.3347767,0.2693189,0.0883452,0.8158638,-0.0754037,0.5664588
1403638217995096832,2.3482402,0.2896921,0.2856715,0.0894269,0.8136708,-0.0726669,0.5697913
1403638218095097088,2.3298414,0.2509100,0.2941004,0.0896940,0.8123469,-0.0705905,0.5718955
1403638218195097088,2.3110188,0.2216015,0.2972290,0.0873812,0.8106404,-0.0702204,0.5747137
1403638218295097088,2.2932858,0.1992334,0.2954372,0.0852335,0.8070281,-0.0688957,0.5802537
1403638218395097088,2.2768590,0.1831934,0.2918312,0.0786096,0.8048724,-0.0708724,0.5839332
1403638218495096832,2.2543476,0.1761310,0.2975582,0.0732631,0.8050976,-0.0726253,0.5841027
1403638218595097088,2.2328714,0.1742025,0.3073305,0.0710255,0.8061975,-0.0730075,0.5828129
1403638218695097088,2.2046817,0.1772908,0.3237244,0.0685324,0.8099886,-0.0749797,0.5775810
1403638218795097088,2.1766264,0.1846796,0.3358367,0.0715553,0.8142603,-0.0806118,0.5704048
1403638218895097088,2.1520331,0.1958093,0.3381076,0.0752668,0.8159715,-0.0885131,0.5662958
1403638218995096832,2.1289487,0.2096839,0.3359915,0.0658919,0.8149421,-0.1034304,0.5664183
1403638219095097088,2.1045621,0.2224925,0.3333330,0.0585190,0.8121321,-0.1153694,0.5689524
1403638219195097088,2.0822523,0.2345359,0.3253646,0.0623114,0.8095401,-0.1175020,0.5718001
1403638219295097088,2.0568076,0.2443162,0.3189517,0.0715020,0.8039687,-0.1144087,0.5791653
1403638219395097088,2.0300639,0.2541522,0.3115949,0.0780708,0.7964999,-0.1114451,0.5891289
1403638219495096832,2.0019086,0.2654128,0.3060104,0.0822360,0.7913318,-0.1090020,0.5959445
1403638219595097088,1.9688399,0.2792201,0.3051894,0.0799929,0.7919399,-0.1105768,0.5951513
1403638219695097088,1.9283255,0.2954272,0.3090668,0.0742356,0.7943159,-0.1141878,0.5920410
1403638219795097088,1.8827233,0.3126595,0.3096634,0.0668563,0.7975413,-0.1190048,0.5876189
1403638219895097088,1.8330842,0.3283177,0.3043400,0.0581675,0.8003001,-0.1248335,0.5835691
1403638219995096832,1.7797523,0.3404137,0.2942913,0.0509114,0.8025163,-0.1298950,0.5800887
1403638220095097088,1.7254924,0.3463789,0.2796395,0.0486935,0.8047530,-0.1314392,0.5768235
1403638220195097088,1.6685836,0.3472553,0.2699668,0.0569069,0.8070872,-0.1261614,0.5739818
1403638220295097088,1.6143607,0.3430530,0.2666776,0.0721196,0.8097675,-0.1158016,0.5706709
1403638220395097088,1.5545084,0.3398346,0.2723812,0.0809265,0.8104192,-0.1100735,0.5696977
1403638220495096832,1.4944063,0.3381586,0.2839867,0.0843658,0.8107097,-0.1078698,0.5692067
1403638220595097088,1.4381540,0.3384255,0.2977906,0.0852467,0.8101114,-0.1083534,0.5698351
1403638220695097088,1.3791648,0.3398173,0.3090051,0.0861597,0.8096389,-0.1091382,0.5702195
1403638220795097088,1.3242685,0.3437634,0.3115683,0.0855060,0.8097475,-0.1111193,0.5697808
1403638220895097088,1.2694104,0.3494534,0.3073865,0.0857403,0.8095886,-0.1124007,0.5697201
1403638220995096832,1.2153211,0.3569045,0.2956991,0.0848303,0.8103510,-0.1142619,0.5684007
1403638221095097088,1.1621924,0.3656260,0.2802332,0.0850564,0.8107202,-0.1151904,0.5676526
1403638221195097088,1.1066720,0.3736574,0.2662403,0.0850054,0.8119853,-0.1158241,0.5657196
1403638221295097088,1.0564736,0.3843553,0.2605922,0.0834495,0.8133673,-0.1174413,0.5636288
1403638221395097088,1.0070958,0.3957542,0.2607069,0.0812408,0.8144020,-0.1197958,0.5619594
1403638221495096832,0.9592787,0.4059652,0.2606841,0.0789627,0.8145667,-0.1218425,0.5616051
1403638221595097088,0.9151915,0.4165565,0.2556982,0.0774721,0.8137403,-0.1238257,0.5625762
1403638221695097088,0.8737719,0.4249341,0.2464299,0.0767864,0.8120193,-0.1243516,0.5650355
1403638221795097088,0.8341952,0.4321942,0.2383030,0.0746253,0.8098805,-0.1255998,0.5681103
1403638221895097088,0.7958071,0.4387391,0.2368870,0.0766635,0.8088203,-0.1236429,0.5697762
1403638221995096832,0.7573523,0.4445161,0.2435596,0.0805551,0.8082944,-0.1202650,0.5707078
1403638222095097088,0.7180735,0.4498323,0.2552901,0.0838581,0.8100333,-0.1179071,0.5682532
1403638222195097088,0.6851150,0.4539604,0.2641491,0.0840763,0.8138794,-0.1179948,0.5626799
1403638222295097088,0.6458129,0.4617234,0.2670926,0.0830833,0.8173079,-0.1191767,0.5575858
1403638222395097088,0.6180202,0.4686999,0.2624985,0.0822609,0.8201845,-0.1201594,0.5532560
1403638222495096832,0.5873113,0.4751735,0.2551850,0.0818971,0.8224785,-0.1202090,0.5498834
1403638222595097088,0.5636521,0.4809765,0.2443224,0.0821811,0.8187663,-0.1197945,0.5554434
1403638222695097088,0.5408832,0.4875225,0.2318722,0.0813426,0.8134136,-0.1203857,0.5632486
1403638222795097088,0.5186333,0.4925782,0.2176736,0.0822191,0.8110779,-0.1197845,0.5666078
1403638222895097088,0.4974637,0.4991192,0.2025894,0.0837862,0.8055294,-0.1183658,0.5745361
1403638222995096832,0.4762939,0.5060081,0.1854780,0.0829719,0.8008887,-0.1183336,0.5811111
1403638223095097088,0.4555630,0.5160994,0.1714657,0.0832158,0.8036356,-0.1181101,0.5773170
1403638223195097088,0.4274343,0.5260027,0.1631897,0.0806634,0.8126506,-0.1204397,0.5644348
1403638223295097088,0.4007715,0.5359413,0.1579188,0.0748333,0.8202136,-0.1248595,0.5532266
1403638223395097088,0.3754571,0.5433824,0.1545954,0.0719119,0.8183135,-0.1271975,0.5558889
1403638223495096832,0.3517790,0.5493582,0.1497448,0.0617719,0.8131835,-0.1341331,0.5629611
1403638223595097088,0.3323849,0.5496142,0.1407806,0.0607702,0.8106944,-0.1349463,0.5664548
1403638223695097088,0.3116980,0.5459100,0.1338116,0.0715840,0.8106682,-0.1277149,0.5669053
1403638223795097088,0.2911345,0.5409694,0.1228106,0.0822889,0.8118552,-0.1205705,0.5653162
1403638223895097088,0.2718114,0.5358213,0.1105448,0.0876386,0.8125561,-0.1165617,0.5643451
1403638223995096832,0.2581479,0.5292152,0.0971322,0.0912337,0.8130059,-0.1136988,0.5637112
1403638224095097088,0.2362312,0.5309656,0.0805093,0.0905212,0.8169910,-0.1141592,0.5579420
1403638224195097088,0.2234351,0.5315280,0.0635455,0.0880845,0.8233311,-0.1158428,0.5485868
1403638224295097088,0.2144069,0.5340094,0.0495550,0.0875404,0.8227330,-0.1159839,0.5495405
1403638224395097088,0.2099469,0.5365991,0.0374249,0.0851309,0.8165484,-0.1181089,0.5586159
1403638224495096832,0.2101514,0.5415148,0.0257247,0.0803902,0.8089498,-0.1213038,0.5695815
1403638224595097088,0.2074180,0.5454090,0.0135008,0.0822198,0.8057431,-0.1195385,0.5742199
1403638224695097088,0.2032744,0.5501385,-0.0010462,0.0825687,0.8132842,-0.1192066,0.5635078
1403638224795097088,0.1993739,0.5566010,-0.0132258,0.0818996,0.8219733,-0.1200163,0.5506799
1403638224895097088,0.2008103,0.5625417,-0.0166722,0.0778436,0.8182379,-0.1222549,0.5563100
1403638224995096832,0.2059717,0.5677502,-0.0149463,0.0700448,0.8102230,-0.1265738,0.5679889
1403638225095097088,0.2110725,0.5707402,-0.0129542,0.0693162,0.8064400,-0.1262001,0.5735184
1403638225195097088,0.2141340,0.5712360,-0.0091034,0.0747875,0.8099185,-0.1214056,0.5689460
1403638225295097088,0.2162055,0.5707740,-0.0045639,0.0778377,0.8173221,-0.1184199,0.5584824
1403638225395097088,0.2201457,0.5699849,0.0015319,0.0802173,0.8165735,-0.1162090,0.5597038
1403638225495096832,0.2262730,0.5689424,0.0018337,0.0826034,0.8084931,-0.1144237,0.5713342
1403638225595097088,0.2316125,0.5685598,-0.0041300,0.0856985,0.7977592,-0.1125091,0.5861550
1403638225695097088,0.2327970,0.5699028,-0.0181505,0.0868933,0.7926712,-0.1113260,0.5930670
1403638225795097088,0.2287338,0.5740699,-0.0444471,0.0858582,0.7998181,-0.1119381,0.5834288
1403638225895097088,0.2222910,0.5806076,-0.0785649,0.0850059,0.8123170,-0.1127305,0.5658683
1403638225995096832,0.2164807,0.5884461,-0.1158402,0.0807248,0.8205472,-0.1156732,0.5539002
1403638226095097088,0.2217060,0.6000028,-0.1152613,0.0612005,0.8237272,-0.1258364,0.5494481
1403638226195097088,0.2319236,0.6068623,-0.1125608,0.0614535,0.8290254,-0.1233229,0.5419703
1403638226295097088,0.2350021,0.6128416,-0.1146328,0.0743227,0.8209543,-0.1220428,0.5528252
1403638226395097088,0.2333042,0.6192953,-0.1304270,0.0805213,0.8257149,-0.1111611,0.5471329
1403638226495096832,0.2367176,0.6211842,-0.1339067,0.0802895,0.8254891,-0.1134231,0.5470435
1403638226595097088,0.2375446,0.6209550,-0.1352132,0.0809065,0.8252022,-0.1129927,0.5474742
1403638226695097088,0.2373857,0.6197799,-0.1347867,0.0810263,0.8255574,-0.1127614,0.5469686
1403638226795097088,0.2373778,0.6197148,-0.1346706,0.0810910,0.8254371,-0.1127237,0.5471483
1403638226895097088,0.2370126,0.6193493,-0.1344255,0.0807029,0.8256559,-0.1128229,0.5468550
1403638226995096832,0.2369575,0.6192354,-0.1343804,0.0796698,0.8257584,-0.1135186,0.5467077
1403638227095097088,0.2369358,0.6191264,-0.1343405,0.0794581,0.8257143,-0.1136059,0.5467870
1403638227195097088,0.2368425,0.6187266,-0.1342078,0.0796269,0.8257307,-0.1133925,0.5467819
1403638227295097088,0.2368044,0.6184472,-0.1341163,0.0797807,0.8257814,-0.1131310,0.5467371
1403638227395097088,0.2366985,0.6182339,-0.1340256,0.0798639,0.8258174,-0.1129835,0.5467011
1403638227495096832,0.2366099,0.6180555,-0.1339532,0.0796735,0.8258498,-0.1130908,0.5466577
1403638227595097088,0.2365112,0.6179523,-0.1339110,0.0794413,0.8258463,-0.1131531,0.5466839
1403638227695097088,0.2364568,0.6175190,-0.1338442,0.0792521,0.8258973,-0.1132445,0.5466155
1403638227795097088,0.2364310,0.6174137,-0.1338203,0.0791880,0.8258857,-0.1132443,0.5466423
1403638227895097088,0.2364362,0.6173008,-0.1338203,0.0791670,0.8258908,-0.1131604,0.5466550
1403638227995096832,0.2363954,0.6171666,-0.1337889,0.0791342,0.8258765,-0.1131746,0.5466784
1403638228095097088,0.2363378,0.6170924,-0.1337455,0.0791642,0.8259048,-0.1131220,0.5466422
1403638228195097088,0.2362929,0.6169725,-0.1337095,0.0790978,0.8258827,-0.1131502,0.5466794
1403638228295097088,0.2362680,0.6168901,-0.1337142,0.0790043,0.8258563,-0.1131933,0.5467238
1403638228395097088,0.2362339,0.6168515,-0.1337146,0.0789184,0.8258722,-0.1132314,0.5467043
1403638228495096832,0.2362411,0.6164464,-0.1336887,0.0789050,0.8258721,-0.1131621,0.5467207
1403638228595097088,0.2362087,0.6164012,-0.1336778,0.0788287,0.8259255,-0.1131332,0.5466571
1403638228695097088,0.2362080,0.6163476,-0.1336389,0.0788421,0.8259095,-0.1131512,0.5466756
1403638228795097088,0.2361480,0.6162915,-0.1336330,0.0788200,0.8259369,-0.1131522,0.5466372
